,Unnamed: 0,year,artist.inverted,track,time,genre,date.entered,date.peaked,x1st.week,x2nd.week,x3rd.week,x4th.week,x5th.week,x6th.week,x7th.week,x8th.week,x9th.week,x10th.week,x11th.week,x12th.week,x13th.week,x14th.week,x15th.week,x16th.week,x17th.week,x18th.week,x19th.week,x20th.week,x21st.week,x22nd.week,x23rd.week,x24th.week,x25th.week,x26th.week,x27th.week,x28th.week,x29th.week,x30th.week,x31st.week,x32nd.week,x33rd.week,x34th.week,x35th.week,x36th.week,x37th.week,x38th.week,x39th.week,x40th.week,x41st.week,x42nd.week,x43rd.week,x44th.week,x45th.week,x46th.week,x47th.week,x48th.week,x49th.week,x50th.week,x51st.week,x52nd.week,x53rd.week,x54th.week,x55th.week,x56th.week,x57th.week,x58th.week,x59th.week,x60th.week,x61st.week,x62nd.week,x63rd.week,x64th.week,x65th.week,x66th.week,x67th.week,x68th.week,x69th.week,x70th.week,x71st.week,x72nd.week,x73rd.week,x74th.week,x75th.week,x76th.week
0,0,2000,Destiny's Child,Independent Women Part I,3:38,Rock,2000-09-23,2000-11-18,78,63.0,49.0,33.0,23.0,15.0,7.0,5.0,1.0,1.0,1.0,1.0,1.0,1.0,1.0,1.0,1.0,1.0,1.0,2.0,3.0,7.0,10.0,12.0,15.0,22.0,29.0,31.0,,,,,,,,,,,,,,,,,,,,,,,,,,,,,,,,,,,,,,,,,,,,,,,,
1,1,2000,Santana,"Maria, Maria",4:18,Rock,2000-02-12,2000-04-08,15,8.0,6.0,5.0,2.0,3.0,2.0,2.0,1.0,1.0,1.0,1.0,1.0,1.0,1.0,1.0,1.0,1.0,8.0,15.0,19.0,21.0,26.0,36.0,48.0,47.0,,,,,,,,,,,,,,,,,,,,,,,,,,,,,,,,,,,,,,,,,,,,,,,,,,
2,2,2000,Savage Garden,I Knew I Loved You,4:07,Rock,1999-10-23,2000-01-29,71,48.0,43.0,31.0,20.0,13.0,7.0,6.0,4.0,4.0,4.0,6.0,4.0,2.0,1.0,1.0,1.0,2.0,1.0,2.0,4.0,8.0,8.0,12.0,14.0,17.0,21.0,24.0,30.0,34.0,37.0,46.0,47.0,,,,,,,,,,,,,,,,,,,,,,,,,,,,,,,,,,,,,,,,,,,
3,3,2000,Madonna,Music,3:45,Rock,2000-08-12,2000-09-16,41,23.0,18.0,14.0,2.0,1.0,1.0,1.0,1.0,2.0,2.0,2.0,2.0,2.0,4.0,8.0,11.0,16.0,20.0,25.0,27.0,27.0,29.0,44.0,,,,,,,,,,,,,,,,,,,,,,,,,,,,,,,,,,,,,,,,,,,,,,,,,,,,
4,4,2000,"Aguilera, Christina",Come On Over Baby (All I Want Is You),3:38,Rock,2000-08-05,2000-10-14,57,47.0,45.0,29.0,23.0,18.0,11.0,9.0,9.0,11.0,1.0,1.0,1.0,1.0,4.0,8.0,12.0,22.0,23.0,43.0,44.0,,,,,,,,,,,,,,,,,,,,,,,,,,,,,,,,,,,,,,,,,,,,,,,,,,,,,,,
5,5,2000,Janet,Doesn't Really Matter,4:17,Rock,2000-06-17,2000-08-26,59,52.0,43.0,30.0,29.0,22.0,15.0,10.0,10.0,5.0,1.0,1.0,1.0,2.0,2.0,3.0,3.0,7.0,8.0,20.0,25.0,37.0,40.0,41.0,,,,,,,,,,,,,,,,,,,,,,,,,,,,,,,,,,,,,,,,,,,,,,,,,,,,
6,6,2000,Destiny's Child,Say My Name,4:31,Rock,1999-12-25,2000-03-18,83,83.0,44.0,38.0,16.0,13.0,16.0,16.0,16.0,18.0,17.0,14.0,1.0,1.0,1.0,2.0,2.0,3.0,5.0,5.0,5.0,7.0,10.0,13.0,14.0,18.0,23.0,23.0,34.0,37.0,43.0,47.0,,,,,,,,,,,,,,,,,,,,,,,,,,,,,,,,,,,,,,,,,,,,
7,7,2000,"Iglesias, Enrique",Be With You,3:36,Latin,2000-04-01,2000-06-24,63,45.0,34.0,23.0,17.0,12.0,9.0,8.0,8.0,6.0,5.0,4.0,1.0,1.0,1.0,3.0,11.0,14.0,24.0,28.0,,,,,,,,,,,,,,,,,,,,,,,,,,,,,,,,,,,,,,,,,,,,,,,,,,,,,,,,
8,8,2000,Sisqo,Incomplete,3:52,Rock,2000-06-24,2000-08-12,77,66.0,61.0,61.0,61.0,55.0,2.0,1.0,1.0,2.0,2.0,4.0,5.0,5.0,7.0,8.0,10.0,10.0,9.0,14.0,17.0,20.0,25.0,31.0,32.0,46.0,,,,,,,,,,,,,,,,,,,,,,,,,,,,,,,,,,,,,,,,,,,,,,,,,,
9,9,2000,Lonestar,Amazed,4:25,Country,1999-06-05,2000-03-04,81,54.0,44.0,39.0,38.0,33.0,29.0,29.0,32.0,27.0,26.0,24.0,27.0,32.0,33.0,35.0,35.0,40.0,43.0,50.0,,,,,,,,,,45.0,45.0,45.0,23.0,17.0,14.0,17.0,18.0,18.0,3.0,1.0,1.0,2.0,3.0,4.0,4.0,5.0,6.0,8.0,9.0,10.0,12.0,15.0,20.0,22.0,22.0,25.0,26.0,31.0,32.0,37.0,42.0,42.0,45.0,50.0,,,,,,,,,,,,
10,10,2000,N'Sync,It's Gonna Be Me,3:10,Rock,2000-05-06,2000-07-29,82,70.0,51.0,39.0,26.0,19.0,15.0,9.0,7.0,7.0,5.0,4.0,1.0,1.0,3.0,4.0,6.0,10.0,13.0,15.0,18.0,23.0,28.0,38.0,48.0,,,,,,,,,,,,,,,,,,,,,,,,,,,,,,,,,,,,,,,,,,,,,,,,,,,
11,11,2000,"Aguilera, Christina",What A Girl Wants,3:18,Rock,1999-11-27,2000-01-15,71,51.0,28.0,18.0,13.0,13.0,11.0,1.0,1.0,2.0,2.0,3.0,3.0,4.0,12.0,11.0,13.0,15.0,18.0,20.0,30.0,40.0,39.0,44.0,,,,,,,,,,,,,,,,,,,,,,,,,,,,,,,,,,,,,,,,,,,,,,,,,,,,
12,12,2000,Vertical Horizon,Everything You Want,4:01,Rock,2000-01-22,2000-07-15,70,61.0,53.0,46.0,40.0,33.0,31.0,26.0,22.0,19.0,17.0,15.0,13.0,9.0,9.0,8.0,8.0,6.0,7.0,7.0,8.0,3.0,3.0,6.0,6.0,1.0,2.0,3.0,4.0,7.0,9.0,10.0,18.0,20.0,27.0,29.0,36.0,40.0,50.0,47.0,50.0,,,,,,,,,,,,,,,,,,,,,,,,,,,,,,,,,,,
13,13,2000,Creed,With Arms Wide Open,3:52,Rock,2000-05-13,2000-11-11,84,78.0,76.0,74.0,70.0,68.0,74.0,75.0,69.0,74.0,70.0,79.0,84.0,86.0,76.0,62.0,45.0,29.0,19.0,11.0,10.0,7.0,5.0,3.0,3.0,3.0,1.0,2.0,2.0,3.0,3.0,3.0,4.0,5.0,5.0,5.0,5.0,9.0,12.0,13.0,13.0,17.0,22.0,26.0,28.0,37.0,41.0,,,,,,,,,,,,,,,,,,,,,,,,,,,,,
14,14,2000,Aaliyah,Try Again,4:03,Rock,2000-03-18,2000-06-17,59,53.0,38.0,28.0,21.0,18.0,16.0,14.0,12.0,10.0,9.0,8.0,6.0,1.0,2.0,2.0,2.0,2.0,3.0,4.0,5.0,5.0,6.0,9.0,13.0,14.0,16.0,23.0,22.0,33.0,36.0,43.0,,,,,,,,,,,,,,,,,,,,,,,,,,,,,,,,,,,,,,,,,,,,
15,15,2000,matchbox twenty,Bent,4:12,Rock,2000-04-29,2000-07-22,60,37.0,29.0,24.0,22.0,21.0,18.0,16.0,13.0,12.0,8.0,6.0,1.0,2.0,3.0,2.0,2.0,3.0,4.0,5.0,4.0,4.0,6.0,9.0,12.0,13.0,19.0,20.0,20.0,24.0,29.0,28.0,27.0,30.0,33.0,37.0,38.0,38.0,48.0,,,,,,,,,,,,,,,,,,,,,,,,,,,,,,,,,,,,,
16,16,2000,"Carey, Mariah",Thank God I Found You,4:14,Rock,1999-12-11,2000-02-19,82,68.0,50.0,50.0,41.0,37.0,26.0,22.0,22.0,2.0,1.0,2.0,4.0,13.0,21.0,28.0,43.0,57.0,82.0,89.0,,,,,,,,,,,,,,,,,,,,,,,,,,,,,,,,,,,,,,,,,,,,,,,,,,,,,,,,
17,17,2000,"Hill, Faith",Breathe,4:04,Rap,1999-11-06,2000-04-22,81,68.0,62.0,51.0,42.0,35.0,28.0,28.0,28.0,43.0,30.0,23.0,23.0,21.0,21.0,21.0,5.0,3.0,3.0,4.0,4.0,3.0,3.0,3.0,2.0,2.0,3.0,3.0,2.0,2.0,3.0,4.0,2.0,5.0,8.0,11.0,13.0,14.0,18.0,22.0,23.0,22.0,24.0,30.0,31.0,31.0,38.0,39.0,42.0,49.0,49.0,48.0,47.0,,,,,,,,,,,,,,,,,,,,,,,
18,18,2000,Mya,Case Of The Ex (Whatcha Gonna Do),3:50,Rock,2000-08-19,2000-12-02,72,57.0,52.0,47.0,42.0,31.0,24.0,18.0,17.0,17.0,17.0,10.0,9.0,9.0,7.0,2.0,2.0,2.0,3.0,4.0,4.0,4.0,4.0,8.0,11.0,15.0,19.0,24.0,23.0,35.0,,,,,,,,,,,,,,,,,,,,,,,,,,,,,,,,,,,,,,,,,,,,,,
19,19,2000,Dream,He Loves U Not,3:43,Rock,2000-09-30,2000-12-30,99,92.0,81.0,59.0,47.0,42.0,32.0,27.0,18.0,18.0,11.0,8.0,5.0,2.0,2.0,3.0,3.0,3.0,7.0,9.0,10.0,11.0,10.0,19.0,23.0,28.0,38.0,46.0,,,,,,,,,,,,,,,,,,,,,,,,,,,,,,,,,,,,,,,,,,,,,,,,
20,20,2000,"Braxton, Toni",He Wasn't Man Enough,4:21,Rock,2000-03-18,2000-05-06,63,55.0,48.0,39.0,35.0,24.0,3.0,2.0,2.0,4.0,4.0,5.0,11.0,12.0,16.0,15.0,14.0,14.0,12.0,10.0,11.0,13.0,13.0,13.0,15.0,16.0,14.0,13.0,17.0,19.0,23.0,29.0,37.0,33.0,34.0,41.0,48.0,,,,,,,,,,,,,,,,,,,,,,,,,,,,,,,,,,,,,,,
21,21,2000,"Anthony, Marc",You Sang To Me,3:50,Latin,2000-02-26,2000-06-03,77,54.0,50.0,43.0,30.0,27.0,21.0,18.0,15.0,13.0,13.0,13.0,13.0,5.0,2.0,2.0,5.0,7.0,9.0,12.0,12.0,16.0,20.0,20.0,22.0,25.0,26.0,29.0,35.0,33.0,40.0,44.0,,,,,,,,,,,,,,,,,,,,,,,,,,,,,,,,,,,,,,,,,,,,
22,22,2000,98ยก,Give Me Just One Night (Una Noche),3:24,Rock,2000-08-19,2000-09-30,51,39.0,34.0,26.0,26.0,19.0,2.0,2.0,3.0,6.0,7.0,22.0,29.0,36.0,47.0,67.0,66.0,84.0,93.0,94.0,,,,,,,,,,,,,,,,,,,,,,,,,,,,,,,,,,,,,,,,,,,,,,,,,,,,,,,,
23,23,2000,Destiny's Child,Jumpin' Jumpin',3:48,Rock,2000-05-13,2000-08-19,74,71.0,65.0,62.0,57.0,50.0,40.0,37.0,22.0,18.0,13.0,8.0,6.0,4.0,3.0,4.0,3.0,3.0,3.0,3.0,4.0,4.0,6.0,7.0,6.0,8.0,10.0,15.0,24.0,30.0,35.0,39.0,,,,,,,,,,,,,,,,,,,,,,,,,,,,,,,,,,,,,,,,,,,,
24,24,2000,3 Doors Down,Kryptonite,3:53,Rock,2000-04-08,2000-11-11,81,70.0,68.0,67.0,66.0,57.0,54.0,53.0,51.0,51.0,51.0,51.0,47.0,44.0,38.0,28.0,22.0,18.0,18.0,14.0,12.0,7.0,6.0,6.0,6.0,5.0,5.0,4.0,4.0,4.0,4.0,3.0,3.0,3.0,4.0,5.0,5.0,9.0,9.0,15.0,14.0,13.0,14.0,16.0,17.0,21.0,22.0,24.0,28.0,33.0,42.0,42.0,49.0,,,,,,,,,,,,,,,,,,,,,,,
25,25,2000,Sisqo,Thong Song,4:05,Rock,2000-01-29,2000-05-20,74,63.0,35.0,26.0,26.0,23.0,20.0,16.0,13.0,10.0,6.0,6.0,5.0,4.0,4.0,4.0,3.0,3.0,4.0,3.0,7.0,8.0,13.0,17.0,24.0,31.0,43.0,46.0,,,,,,,,,,,,,,,,,,,,,,,,,,,,,,,,,,,,,,,,,,,,,,,,
26,26,2000,"Aguilera, Christina",I Turn To You,4:00,Rock,2000-04-15,2000-07-01,50,39.0,30.0,28.0,21.0,19.0,20.0,17.0,17.0,17.0,17.0,3.0,3.0,7.0,10.0,17.0,25.0,29.0,29.0,40.0,43.0,50.0,,,,,,,,,,,,,,,,,,,,,,,,,,,,,,,,,,,,,,,,,,,,,,,,,,,,,,
27,27,2000,"Houston, Whitney",My Love Is Your Love,4:16,Rock,1999-09-04,2000-01-08,81,68.0,44.0,16.0,11.0,9.0,8.0,7.0,8.0,7.0,8.0,8.0,6.0,6.0,5.0,5.0,5.0,5.0,4.0,6.0,10.0,10.0,11.0,20.0,22.0,27.0,34.0,49.0,,,,,,,,,,,,,,,,,,,,,,,,,,,,,,,,,,,,,,,,,,,,,,,,
28,28,2000,Joe,I Wanna Know,4:57,Rock,2000-01-01,2000-07-01,94,86.0,69.0,50.0,41.0,33.0,32.0,28.0,28.0,27.0,27.0,25.0,23.0,20.0,17.0,15.0,14.0,11.0,11.0,14.0,11.0,11.0,10.0,12.0,10.0,6.0,4.0,5.0,4.0,5.0,5.0,7.0,6.0,8.0,5.0,6.0,9.0,9.0,8.0,14.0,16.0,20.0,32.0,45.0,,,,,,,,,,,,,,,,,,,,,,,,,,,,,,,,
29,29,2000,"Jordan, Montell",Get It On.. Tonite,4:34,Rap,1999-10-23,2000-02-12,92,80.0,72.0,69.0,67.0,61.0,54.0,43.0,38.0,24.0,24.0,20.0,19.0,15.0,15.0,5.0,4.0,4.0,7.0,10.0,5.0,9.0,9.0,7.0,9.0,10.0,10.0,15.0,18.0,23.0,30.0,42.0,,,,,,,,,,,,,,,,,,,,,,,,,,,,,,,,,,,,,,,,,,,,
30,30,2000,N'Sync,Bye Bye Bye,3:15,Rock,2000-01-29,2000-04-15,42,20.0,19.0,14.0,13.0,7.0,6.0,5.0,5.0,5.0,5.0,4.0,4.0,6.0,6.0,7.0,9.0,12.0,18.0,20.0,27.0,34.0,40.0,,,,,,,,,,,,,,,,,,,,,,,,,,,,,,,,,,,,,,,,,,,,,,,,,,,,,
31,31,2000,Eminem,The Real Slim Shady,4:42,Rap,2000-05-06,2000-06-24,70,32.0,20.0,16.0,11.0,7.0,6.0,4.0,5.0,4.0,8.0,9.0,16.0,30.0,49.0,68.0,83.0,88.0,98.0,,,,,,,,,,,,,,,,,,,,,,,,,,,,,,,,,,,,,,,,,,,,,,,,,,,,,,,,,
32,32,2000,Pink,Most Girls,4:06,Rock,2000-08-12,2000-11-25,85,70.0,52.0,36.0,27.0,21.0,15.0,13.0,12.0,8.0,5.0,5.0,5.0,6.0,5.0,4.0,6.0,8.0,11.0,14.0,14.0,16.0,18.0,21.0,26.0,39.0,46.0,,,,,,,,,,,,,,,,,,,,,,,,,,,,,,,,,,,,,,,,,,,,,,,,,
33,33,2000,"Mumba, Samantha",Gotta Tell You,3:19,Rock,2000-09-09,2000-12-09,85,72.0,65.0,49.0,39.0,25.0,20.0,10.0,9.0,8.0,6.0,5.0,7.0,4.0,6.0,7.0,13.0,17.0,17.0,23.0,29.0,36.0,,,,,,,,,,,,,,,,,,,,,,,,,,,,,,,,,,,,,,,,,,,,,,,,,,,,,,
34,34,2000,Blaque,Bring It All To Me,3:46,Pop,1999-10-23,2000-01-22,73,63.0,50.0,42.0,24.0,19.0,17.0,14.0,11.0,9.0,9.0,9.0,10.0,5.0,5.0,6.0,8.0,9.0,15.0,15.0,18.0,17.0,18.0,19.0,19.0,22.0,26.0,32.0,42.0,,,,,,,,,,,,,,,,,,,,,,,,,,,,,,,,,,,,,,,,,,,,,,,
35,35,2000,"Elliott, Missy ""Misdemeanor""",Hot Boyz,3:51,Rap,1999-11-27,2000-01-08,36,21.0,13.0,9.0,7.0,7.0,5.0,7.0,7.0,7.0,8.0,11.0,7.0,10.0,11.0,12.0,15.0,17.0,23.0,30.0,38.0,,,,,,,,,,,,,,,,,,,,,,,,,,,,,,,,,,,,,,,,,,,,,,,,,,,,,,,
36,36,2000,"Gray, Macy",I Try,3:52,Rock,2000-02-19,2000-05-20,68,51.0,47.0,36.0,30.0,20.0,15.0,12.0,8.0,7.0,7.0,7.0,6.0,5.0,6.0,9.0,10.0,11.0,14.0,16.0,16.0,16.0,21.0,27.0,34.0,40.0,46.0,,,,,,,,,,,,,,,,,,,,,,,,,,,,,,,,,,,,,,,,,,,,,,,,,
37,37,2000,N'Sync,This I Promise You,4:23,Rock,2000-09-30,2000-12-02,68,31.0,19.0,15.0,11.0,6.0,7.0,7.0,6.0,5.0,6.0,7.0,10.0,12.0,11.0,9.0,11.0,12.0,20.0,22.0,26.0,30.0,30.0,39.0,41.0,49.0,,,,,,,,,,,,,,,,,,,,,,,,,,,,,,,,,,,,,,,,,,,,,,,,,,
38,38,2000,Ruff Endz,No More,3:56,Rock,2000-07-01,2000-09-02,76,38.0,19.0,17.0,12.0,15.0,12.0,10.0,7.0,5.0,8.0,8.0,10.0,12.0,14.0,15.0,19.0,23.0,21.0,18.0,19.0,22.0,23.0,24.0,33.0,38.0,,,,,,,,,,,,,,,,,,,,,,,,,,,,,,,,,,,,,,,,,,,,,,,,,,
39,39,2000,"Backstreet Boys, The",Show Me The Meaning Of Being Lonely,3:54,Rock,2000-01-01,2000-03-18,74,62.0,55.0,25.0,16.0,14.0,12.0,10.0,12.0,9.0,7.0,6.0,6.0,6.0,8.0,9.0,13.0,19.0,23.0,26.0,32.0,34.0,45.0,47.0,,,,,,,,,,,,,,,,,,,,,,,,,,,,,,,,,,,,,,,,,,,,,,,,,,,,
40,40,2000,Nine Days,Absolutely (Story Of A Girl),3:09,Rock,2000-05-06,2000-07-22,85,71.0,59.0,52.0,39.0,34.0,26.0,20.0,17.0,13.0,11.0,6.0,6.0,8.0,8.0,7.0,8.0,9.0,11.0,12.0,14.0,18.0,26.0,30.0,36.0,41.0,48.0,,,,,,,,,,,,,,,,,,,,,,,,,,,,,,,,,,,,,,,,,,,,,,,,,
41,41,2000,"Dion, Celine",That's The Way It Is,4:03,Rock,1999-11-13,2000-03-04,74,68.0,65.0,49.0,44.0,34.0,30.0,30.0,17.0,14.0,11.0,8.0,9.0,10.0,11.0,11.0,6.0,8.0,7.0,7.0,9.0,10.0,14.0,16.0,26.0,31.0,35.0,42.0,,,,,,,,,,,,,,,,,,,,,,,,,,,,,,,,,,,,,,,,,,,,,,,,
42,42,2000,Blink-182,All The Small Things,2:52,Rock,1999-12-04,2000-02-19,89,76.0,69.0,59.0,59.0,51.0,50.0,35.0,26.0,15.0,7.0,6.0,8.0,8.0,9.0,11.0,14.0,16.0,18.0,23.0,33.0,41.0,43.0,,,,,,,,,,,,,,,,,,,,,,,,,,,,,,,,,,,,,,,,,,,,,,,,,,,,,
43,43,2000,Eiffel 65,Blue (Da Ba Dee),3:29,Electronica,1999-12-11,2000-01-29,67,29.0,16.0,16.0,13.0,11.0,9.0,6.0,7.0,9.0,13.0,19.0,21.0,24.0,32.0,42.0,56.0,60.0,76.0,88.0,,,,,,,,,,,,,,,,,,,,,,,,,,,,,,,,,,,,,,,,,,,,,,,,,,,,,,,,
44,44,2000,"Badu, Erkyah",Bag Lady,5:03,Rock,2000-08-19,2000-10-07,67,53.0,42.0,41.0,48.0,42.0,34.0,6.0,9.0,9.0,8.0,11.0,15.0,21.0,26.0,29.0,26.0,38.0,56.0,66.0,,,,,,,,,,,,,,,,,,,,,,,,,,,,,,,,,,,,,,,,,,,,,,,,,,,,,,,,
45,45,2000,Pink,There U Go,3:23,Rock,2000-03-04,2000-04-08,25,15.0,12.0,11.0,11.0,7.0,7.0,12.0,14.0,15.0,15.0,17.0,19.0,16.0,15.0,14.0,12.0,10.0,10.0,10.0,8.0,9.0,12.0,16.0,20.0,22.0,33.0,39.0,39.0,41.0,46.0,44.0,,,,,,,,,,,,,,,,,,,,,,,,,,,,,,,,,,,,,,,,,,,,
46,46,2000,Creed,Higher,5:16,Rock,1999-09-11,2000-07-22,81,77.0,73.0,63.0,61.0,58.0,56.0,52.0,56.0,57.0,57.0,57.0,57.0,57.0,60.0,61.0,61.0,57.0,60.0,61.0,,,,,,,,,43.0,41.0,34.0,28.0,25.0,23.0,22.0,16.0,16.0,18.0,14.0,13.0,13.0,11.0,11.0,9.0,9.0,7.0,7.0,9.0,9.0,12.0,14.0,16.0,17.0,17.0,21.0,26.0,29.0,32.0,39.0,39.0,43.0,47.0,50.0,50.0,49.0,,,,,,,,,,,
47,47,2000,Nelly,(Hot S**t) Country Grammar,4:17,Rap,2000-04-29,2000-09-16,100,99.0,96.0,76.0,55.0,37.0,24.0,24.0,30.0,36.0,37.0,30.0,23.0,21.0,17.0,17.0,15.0,11.0,11.0,10.0,7.0,7.0,8.0,10.0,11.0,12.0,12.0,17.0,19.0,23.0,33.0,37.0,36.0,49.0,,,,,,,,,,,,,,,,,,,,,,,,,,,,,,,,,,,,,,,,,,
48,48,2000,Next,Wifey,4:03,Rock,2000-05-27,2000-09-09,85,61.0,46.0,40.0,36.0,31.0,25.0,22.0,25.0,24.0,21.0,20.0,19.0,19.0,8.0,7.0,10.0,12.0,21.0,25.0,35.0,,,,,,,,,,,,,,,,,,,,,,,,,,,,,,,,,,,,,,,,,,,,,,,,,,,,,,,
49,49,2000,Kenny G,Auld Lang Syne (The Millenium Mix),7:50,Jazz,1999-12-25,2000-01-08,89,89.0,7.0,8.0,66.0,,,,,,,,,,,,,,,,,,,,,,,,,,,,,,,,,,,,,,,,,,,,,,,,,,,,,,,,,,,,,,,,,,,,,,,
50,50,2000,Sonique,It Feels So Good,3:48,Rock,2000-01-22,2000-04-22,67,52.0,30.0,23.0,19.0,17.0,16.0,16.0,14.0,12.0,13.0,13.0,11.0,8.0,10.0,10.0,11.0,14.0,17.0,19.0,21.0,31.0,38.0,49.0,,,,,,,,,,,,,,,,,,,,,,,,,,,,,,,,,,,,,,,,,,,,,,,,,,,,
51,51,2000,"Spears, Britney",Oops!.. I Did It Again,3:30,Rock,2000-04-22,2000-06-10,67,38.0,26.0,19.0,15.0,13.0,12.0,9.0,9.0,10.0,14.0,15.0,17.0,24.0,35.0,49.0,77.0,85.0,90.0,96.0,,,,,,,,,,,,,,,,,,,,,,,,,,,,,,,,,,,,,,,,,,,,,,,,,,,,,,,,
52,52,2000,"Backstreet Boys, The",Shape Of My Heart,3:49,Rock,2000-10-14,2000-12-02,39,25.0,24.0,15.0,12.0,12.0,10.0,9.0,10.0,12.0,17.0,19.0,29.0,26.0,24.0,31.0,52.0,63.0,62.0,70.0,,,,,,,,,,,,,,,,,,,,,,,,,,,,,,,,,,,,,,,,,,,,,,,,,,,,,,,,
53,53,2000,Everclear,Wonderful,4:30,Rock,2000-07-08,2000-09-30,77,69.0,53.0,37.0,33.0,25.0,24.0,23.0,22.0,25.0,28.0,25.0,11.0,13.0,13.0,11.0,18.0,28.0,36.0,39.0,45.0,,,,,,,,,,,,,,,,,,,,,,,,,,,,,,,,,,,,,,,,,,,,,,,,,,,,,,,
54,54,2000,Ja Rule,Between Me And You,4:05,Rap,2000-09-16,2000-11-18,85,74.0,61.0,37.0,27.0,22.0,22.0,16.0,14.0,11.0,11.0,14.0,17.0,18.0,18.0,21.0,30.0,30.0,42.0,53.0,,,,,,,,,,,,,,,,,,,,,,,,,,,,,,,,,,,,,,,,,,,,,,,,,,,,,,,,
55,55,2000,"Rimes, LeAnn",I Need You,3:42,Country,2000-05-27,2000-08-12,77,68.0,67.0,63.0,59.0,59.0,59.0,53.0,51.0,50.0,13.0,11.0,11.0,15.0,12.0,12.0,13.0,16.0,19.0,21.0,21.0,24.0,25.0,30.0,41.0,,,,,,,,,,,,,,,,,,,,,,,,,,,,,,,,,,,,,,,,,,,,,,,,,,,
56,56,2000,Smash Mouth,Then The Morning Comes,3:04,Rock,1999-10-30,2000-01-29,83,59.0,56.0,46.0,27.0,23.0,19.0,16.0,14.0,14.0,16.0,15.0,12.0,11.0,13.0,17.0,20.0,23.0,24.0,25.0,27.0,31.0,33.0,35.0,41.0,48.0,,,,,,,,,,,,,,,,,,,,,,,,,,,,,,,,,,,,,,,,,,,,,,,,,,
57,57,2000,Jay-Z,I Just Wanna Love U (Give It 2 Me),3:50,Rap,2000-10-28,2000-12-30,58,45.0,35.0,26.0,23.0,19.0,14.0,14.0,13.0,11.0,12.0,12.0,12.0,15.0,15.0,19.0,24.0,28.0,29.0,30.0,40.0,,,,,,,,,,,,,,,,,,,,,,,,,,,,,,,,,,,,,,,,,,,,,,,,,,,,,,,
58,58,2000,Jagged Edge,Let's Get Married,4:23,Rock,2000-05-06,2000-07-29,77,66.0,55.0,45.0,38.0,42.0,33.0,29.0,28.0,26.0,23.0,15.0,11.0,14.0,14.0,17.0,20.0,20.0,21.0,23.0,24.0,29.0,36.0,47.0,,,,,,,,,,,,,,,,,,,,,,,,,,,,,,,,,,,,,,,,,,,,,,,,,,,,
59,59,2000,Filter,Take A Picture,4:23,Rock,1999-11-27,2000-02-05,91,74.0,64.0,52.0,38.0,38.0,34.0,31.0,21.0,19.0,12.0,13.0,15.0,20.0,19.0,22.0,23.0,24.0,31.0,42.0,,,,,,,,,,,,,,,,,,,,,,,,,,,,,,,,,,,,,,,,,,,,,,,,,,,,,,,,
60,60,2000,"Martin, Ricky",She Bangs,4:02,Latin,2000-10-07,2000-12-02,38,28.0,21.0,21.0,18.0,16.0,13.0,13.0,12.0,20.0,22.0,29.0,43.0,54.0,55.0,73.0,92.0,100.0,,,,,,,,,,,,,,,,,,,,,,,,,,,,,,,,,,,,,,,,,,,,,,,,,,,,,,,,,,
61,61,2000,Mystikal,Shake Ya Ass,4:46,Rap,2000-08-12,2000-10-28,97,90.0,65.0,41.0,34.0,25.0,22.0,15.0,15.0,14.0,14.0,13.0,13.0,13.0,17.0,19.0,24.0,30.0,42.0,58.0,,,,,,,,,,,,,,,,,,,,,,,,,,,,,,,,,,,,,,,,,,,,,,,,,,,,,,,,
62,62,2000,BBMak,Back Here,3:35,Rock,2000-04-29,2000-07-29,99,86.0,60.0,52.0,38.0,34.0,28.0,21.0,18.0,18.0,19.0,15.0,18.0,13.0,16.0,15.0,16.0,16.0,17.0,15.0,18.0,17.0,16.0,22.0,24.0,30.0,36.0,37.0,42.0,45.0,49.0,,,,,,,,,,,,,,,,,,,,,,,,,,,,,,,,,,,,,,,,,,,,,
63,63,2000,"Spears, Britney",From The Bottom Of My Broken Heart,4:30,Rock,2000-01-29,2000-02-26,76,59.0,52.0,52.0,14.0,14.0,17.0,24.0,33.0,35.0,41.0,45.0,54.0,64.0,64.0,81.0,97.0,92.0,86.0,90.0,,,,,,,,,,,,,,,,,,,,,,,,,,,,,,,,,,,,,,,,,,,,,,,,,,,,,,,,
64,64,2000,Third Eye Blind,Never Let You Go,3:57,Rock,2000-01-22,2000-04-01,65,32.0,25.0,24.0,23.0,22.0,22.0,21.0,19.0,16.0,14.0,16.0,16.0,17.0,18.0,21.0,22.0,25.0,27.0,33.0,45.0,46.0,,,,,,,,,,,,,,,,,,,,,,,,,,,,,,,,,,,,,,,,,,,,,,,,,,,,,,
65,65,2000,Red Hot Chili Peppers,Otherside,4:13,Rock,2000-02-12,2000-05-27,80,72.0,65.0,52.0,51.0,49.0,40.0,37.0,32.0,29.0,29.0,29.0,29.0,24.0,18.0,14.0,15.0,16.0,19.0,22.0,29.0,45.0,,,,,,,,,,,,,,,,,,,,,,,,,,,,,,,,,,,,,,,,,,,,,,,,,,,,,,
66,66,2000,Profyle,Liar,3:57,R&B,2000-09-16,2000-10-28,52,32.0,25.0,17.0,16.0,16.0,14.0,19.0,24.0,33.0,35.0,43.0,54.0,61.0,69.0,75.0,86.0,81.0,94.0,99.0,,,,,,,,,,,,,,,,,,,,,,,,,,,,,,,,,,,,,,,,,,,,,,,,,,,,,,,,
67,67,2000,Barenaked Ladies,Pinch Me,3:46,Rock,2000-09-09,2000-11-25,77,76.0,69.0,45.0,51.0,37.0,33.0,29.0,26.0,25.0,16.0,15.0,15.0,19.0,19.0,20.0,22.0,20.0,21.0,34.0,44.0,,,,,,,,,,,,,,,,,,,,,,,,,,,,,,,,,,,,,,,,,,,,,,,,,,,,,,,
68,68,2000,Jagged Edge,He Can't Love U,3:30,Rock,1999-12-11,2000-01-08,54,32.0,17.0,17.0,15.0,18.0,18.0,18.0,18.0,25.0,24.0,24.0,26.0,33.0,44.0,51.0,53.0,65.0,69.0,77.0,,,,,,,,,,,,,,,,,,,,,,,,,,,,,,,,,,,,,,,,,,,,,,,,,,,,,,,,
69,69,2000,504 Boyz,Wobble Wobble,3:35,Rap,2000-04-15,2000-05-06,57,34.0,25.0,17.0,17.0,31.0,36.0,49.0,53.0,57.0,64.0,70.0,75.0,76.0,78.0,85.0,92.0,96.0,,,,,,,,,,,,,,,,,,,,,,,,,,,,,,,,,,,,,,,,,,,,,,,,,,,,,,,,,,
70,70,2000,Sting,Desert Rose,3:52,Rock,2000-05-13,2000-08-26,98,88.0,72.0,59.0,55.0,52.0,45.0,35.0,24.0,21.0,19.0,19.0,19.0,19.0,18.0,17.0,19.0,19.0,24.0,26.0,30.0,32.0,42.0,45.0,42.0,49.0,,,,,,,,,,,,,,,,,,,,,,,,,,,,,,,,,,,,,,,,,,,,,,,,,,
71,71,2000,Jay-Z,Big Pimpin',3:55,Rap,2000-04-22,2000-07-08,69,52.0,39.0,33.0,28.0,25.0,25.0,23.0,20.0,19.0,21.0,18.0,20.0,20.0,26.0,29.0,35.0,33.0,41.0,50.0,,,,,,,,,,,,,,,,,,,,,,,,,,,,,,,,,,,,,,,,,,,,,,,,,,,,,,,,
72,72,2000,Kid Rock,Only God Knows Why,5:27,Rock,2000-02-19,2000-04-15,63,47.0,46.0,39.0,35.0,26.0,26.0,23.0,19.0,19.0,21.0,25.0,25.0,29.0,32.0,44.0,52.0,62.0,69.0,78.0,,,,,,,,,,,,,,,,,,,,,,,,,,,,,,,,,,,,,,,,,,,,,,,,,,,,,,,,
73,73,2000,Foo Fighters,Learn To Fly,3:55,Rock,1999-10-16,2000-01-22,80,69.0,68.0,63.0,60.0,52.0,42.0,32.0,30.0,25.0,22.0,22.0,26.0,20.0,19.0,20.0,26.0,30.0,35.0,42.0,50.0,,,,,,,,,,,,,,,,,,,,,,,,,,,,,,,,,,,,,,,,,,,,,,,,,,,,,,,
74,74,2000,"Dixie Chicks, The",Goodbye Earl,4:19,Country,2000-03-18,2000-05-06,40,29.0,24.0,24.0,20.0,20.0,20.0,19.0,38.0,61.0,86.0,88.0,96.0,96.0,98.0,,,,,,,,,,,,,,,,,,,,,,,,,,,,,,,,,,,,,,,,,,,,,,,,,,,,,,,,,,,,,
75,75,2000,Guy,Dancin',4:08,R&B,1999-12-18,2000-01-01,46,29.0,19.0,22.0,36.0,44.0,58.0,58.0,68.0,75.0,94.0,,,,,,,,,,,,,,,,,,,,,,,,,,,,,,,,,,,,,,,,,,,,,,,,,,,,,,,,,,,,,,,,,
76,76,2000,Lil Bow Wow,Bounce With Me,3:22,Rap,2000-08-19,2000-09-16,48,35.0,24.0,24.0,20.0,20.0,20.0,20.0,22.0,27.0,27.0,36.0,40.0,53.0,61.0,69.0,80.0,90.0,99.0,,,100.0,,,,,,,,,,,,,,,,,,,,,,,,,,,,,,,,,,,,,,,,,,,,,,,,,,,,,,
77,77,2000,Westlife,Swear It Again,4:07,Rock,2000-04-01,2000-07-01,96,82.0,66.0,55.0,55.0,46.0,44.0,44.0,37.0,35.0,32.0,25.0,21.0,20.0,20.0,25.0,30.0,33.0,45.0,56.0,,,,,,,,,,,,,,,,,,,,,,,,,,,,,,,,,,,,,,,,,,,,,,,,,,,,,,,,
78,78,2000,Train,Meet Virginia,3:55,Rock,1999-10-09,2000-01-22,76,67.0,59.0,54.0,48.0,45.0,40.0,32.0,26.0,24.0,22.0,21.0,21.0,24.0,21.0,20.0,21.0,24.0,28.0,30.0,32.0,37.0,37.0,42.0,46.0,50.0,50.0,,,,,,,,,,,,,,,,,,,,,,,,,,,,,,,,,,,,,,,,,,,,,,,,,
79,79,2000,"Thomas, Carl",I Wish,3:50,Rock,2000-03-25,2000-05-13,75,64.0,48.0,39.0,32.0,28.0,24.0,20.0,22.0,21.0,22.0,26.0,23.0,24.0,27.0,28.0,42.0,44.0,52.0,67.0,,,,,,,,,,,,,,,,,,,,,,,,,,,,,,,,,,,,,,,,,,,,,,,,,,,,,,,,
80,80,2000,Hanson,This Time Around,4:14,Country,2000-04-22,2000-05-06,22,22.0,20.0,45.0,87.0,71.0,95.0,,,,,,,,,,,,,,,,,,,,,,,,,,,,,,,,,,,,,,,,,,,,,,,,,,,,,,,,,,,,,,,,,,,,,
81,81,2000,"Simpson, Jessica",I Think I'm In Love With You,3:32,Pop,2000-07-01,2000-08-12,63,52.0,44.0,29.0,25.0,23.0,21.0,21.0,21.0,27.0,38.0,38.0,57.0,74.0,89.0,96.0,,,,,,,,,,,,,,,,,,,,,,,,,,,,,,,,,,,,,,,,,,,,,,,,,,,,,,,,,,,,
82,82,2000,Ludacris,What's Your Fantasy,4:16,Rap,2000-09-30,2000-12-16,89,83.0,63.0,55.0,49.0,40.0,33.0,32.0,30.0,25.0,22.0,21.0,24.0,24.0,24.0,27.0,25.0,34.0,32.0,35.0,41.0,47.0,,,,,,,,,,,,,,,,,,,,,,,,,,,,,,,,,,,,,,,,,,,,,,,,,,,,,,
83,83,2000,Lil' Zane,Callin' Me,3:43,Rap,2000-07-29,2000-09-02,83,89.0,57.0,40.0,34.0,21.0,33.0,46.0,45.0,59.0,67.0,84.0,95.0,,,,,,,,,,,,,,,,,,,,,,,,,,,,,,,,,,,,,,,,,,,,,,,,,,,,,,,,,,,,,,,
84,84,2000,M2M,Don't Say You Love Me,3:41,Pop,1999-11-20,2000-01-08,72,53.0,62.0,46.0,54.0,44.0,44.0,21.0,64.0,92.0,98.0,98.0,,,,,,,,,,,,,,,,,,,,,,,,,,,,,,,,,,,,,,,,,,,,,,,,,,,,,,,,,,,,,,,,
85,85,2000,SoulDecision,Faded,3:25,Rock,2000-07-08,2000-09-09,94,90.0,81.0,64.0,56.0,43.0,35.0,27.0,25.0,22.0,22.0,27.0,27.0,27.0,31.0,31.0,30.0,34.0,31.0,34.0,34.0,38.0,45.0,50.0,,,,,,,,,,,,,,,,,,,,,,,,,,,,,,,,,,,,,,,,,,,,,,,,,,,,
86,86,2000,"Brock, Chad",Yes!,3:22,Country,2000-04-08,2000-07-01,90,77.0,66.0,61.0,59.0,47.0,39.0,33.0,32.0,31.0,28.0,27.0,22.0,27.0,31.0,39.0,45.0,50.0,53.0,59.0,,,,,,,,,,,,,,,,,,,,,,,,,,,,,,,,,,,,,,,,,,,,,,,,,,,,,,,,
87,87,2000,"Martin, Ricky",Shake Your Bon-Bon,3:08,Latin,1999-11-20,2000-02-12,74,66.0,52.0,39.0,39.0,39.0,39.0,46.0,47.0,54.0,91.0,28.0,22.0,33.0,46.0,70.0,87.0,93.0,,,,,,,,,,,,,,,,,,,,,,,,,,,,,,,,,,,,,,,,,,,,,,,,,,,,,,,,,,
88,88,2000,Vertical Horizon,You're A God,3:45,Rock,2000-08-26,2000-11-04,64,55.0,43.0,41.0,37.0,31.0,30.0,29.0,28.0,26.0,23.0,23.0,25.0,32.0,32.0,37.0,37.0,41.0,46.0,48.0,49.0,,,,,,,,,,,,,,,,,,,,,,,,,,,,,,,,,,,,,,,,,,,,,,,,,,,,,,,
89,89,2000,Avant,Separated,4:13,Rock,2000-04-29,2000-05-20,62,32.0,30.0,23.0,26.0,30.0,35.0,32.0,32.0,25.0,23.0,28.0,27.0,29.0,27.0,31.0,31.0,33.0,40.0,51.0,,,,,,,,,,,,,,,,,,,,,,,,,,,,,,,,,,,,,,,,,,,,,,,,,,,,,,,,
90,90,2000,"Rimes, LeAnn",Big Deal,3:03,Country,1999-10-16,2000-01-01,71,52.0,51.0,51.0,51.0,48.0,41.0,37.0,29.0,26.0,26.0,23.0,30.0,28.0,27.0,25.0,31.0,43.0,56.0,70.0,,,,,,,,,,,,,,,,,,,,,,,,,,,,,,,,,,,,,,,,,,,,,,,,,,,,,,,,
91,91,2000,IMx,Stay The Night,3:37,Rap,1999-10-09,2000-01-08,84,61.0,45.0,43.0,40.0,38.0,36.0,31.0,34.0,34.0,40.0,36.0,36.0,23.0,41.0,62.0,70.0,71.0,79.0,78.0,,,,,,,,,,,,,,,,,,,,,,,,,,,,,,,,,,,,,,,,,,,,,,,,,,,,,,,,
92,92,2000,Dr. Dre,The Next Episode,2:38,Rap,2000-05-27,2000-07-29,78,67.0,58.0,53.0,46.0,41.0,32.0,27.0,26.0,23.0,26.0,27.0,32.0,32.0,44.0,46.0,47.0,50.0,52.0,58.0,,,,,,,,,,,,,,,,,,,,,,,,,,,,,,,,,,,,,,,,,,,,,,,,,,,,,,,,
93,93,2000,"Spears, Britney",Lucky,3:23,Rock,2000-08-12,2000-09-09,61,41.0,28.0,26.0,23.0,29.0,30.0,40.0,66.0,86.0,100.0,,,,,,,,,,,,,,,,,,,,,,,,,,,,,,,,,,,,,,,,,,,,,,,,,,,,,,,,,,,,,,,,,
94,94,2000,Savage Garden,Crash And Burn,4:41,Rock,2000-04-08,2000-05-27,75,58.0,51.0,36.0,33.0,31.0,26.0,24.0,24.0,29.0,34.0,39.0,46.0,47.0,48.0,49.0,58.0,63.0,73.0,87.0,,,,,,,,,,,,,,,,,,,,,,,,,,,,,,,,,,,,,,,,,,,,,,,,,,,,,,,,
95,95,2000,Kandi,Don't Think I'm Not,3:50,Rock,2000-08-05,2000-10-07,66,66.0,66.0,61.0,49.0,42.0,36.0,33.0,28.0,24.0,26.0,26.0,28.0,29.0,27.0,31.0,31.0,26.0,25.0,25.0,30.0,40.0,36.0,41.0,,,,,,,,,,,,,,,,,,,,,,,,,,,,,,,,,,,,,,,,,,,,,,,,,,,,
96,96,2000,Sammie,I Like It,4:09,Rock,2000-01-29,2000-04-15,85,68.0,58.0,44.0,40.0,33.0,30.0,29.0,37.0,29.0,29.0,24.0,36.0,46.0,52.0,61.0,83.0,93.0,91.0,89.0,,,,,,,,,,,,,,,,,,,,,,,,,,,,,,,,,,,,,,,,,,,,,,,,,,,,,,,,
97,97,2000,Goo Goo Dolls,Broadway,3:54,Rock,2000-04-22,2000-07-01,74,58.0,53.0,42.0,35.0,31.0,29.0,25.0,29.0,26.0,24.0,33.0,46.0,48.0,57.0,62.0,74.0,82.0,85.0,87.0,,,,,,,,,,,,,,,,,,,,,,,,,,,,,,,,,,,,,,,,,,,,,,,,,,,,,,,,
98,98,2000,"Moore, Mandy",I Wanna Be With You,4:12,Pop,2000-06-17,2000-08-12,69,63.0,54.0,50.0,45.0,42.0,31.0,28.0,24.0,34.0,42.0,53.0,65.0,66.0,77.0,94.0,99.0,,,,,93.0,91.0,91.0,90.0,89.0,86.0,,,,,,,,,,,,,,,,,,,,,,,,,,,,,,,,,,,,,,,,,,,,,,,,,
99,99,2000,Dr. Dre,Forgot About Dre,3:42,Rap,2000-01-22,2000-03-25,75,55.0,47.0,36.0,36.0,30.0,30.0,31.0,26.0,25.0,25.0,26.0,26.0,28.0,34.0,47.0,58.0,68.0,80.0,82.0,,,,,,,,,,,,,,,,,,,,,,,,,,,,,,,,,,,,,,,,,,,,,,,,,,,,,,,,
100,100,2000,D'Angelo,Untitled (How Does It Feel),7:10,R&B,2000-01-22,2000-02-19,77,56.0,35.0,26.0,25.0,25.0,28.0,28.0,31.0,35.0,39.0,44.0,51.0,60.0,73.0,79.0,94.0,,,,,,,,,,,,,,,,,,,,,,,,,,,,,,,,,,,,,,,,,,,,,,,,,,,,,,,,,,,
101,101,2000,"Messina, Jo Dee",That's The Way,3:17,Country,2000-06-24,2000-08-26,78,67.0,63.0,54.0,50.0,44.0,38.0,30.0,27.0,25.0,31.0,28.0,30.0,28.0,32.0,35.0,48.0,46.0,51.0,59.0,,,,,,,,,,,,,,,,,,,,,,,,,,,,,,,,,,,,,,,,,,,,,,,,,,,,,,,,
102,102,2000,Avant,My First Love,4:28,Rock,2000-11-04,2000-12-16,70,62.0,56.0,43.0,39.0,33.0,26.0,26.0,26.0,31.0,32.0,31.0,38.0,38.0,52.0,57.0,64.0,73.0,81.0,79.0,,,,,,,,,,,,,,,,,,,,,,,,,,,,,,,,,,,,,,,,,,,,,,,,,,,,,,,,
103,103,2000,Son By Four,A Puro Dolor (Purest Of Pain),3:30,Latin,2000-04-08,2000-08-19,80,80.0,80.0,79.0,72.0,73.0,65.0,64.0,60.0,60.0,48.0,48.0,48.0,43.0,35.0,32.0,30.0,32.0,37.0,26.0,31.0,28.0,30.0,32.0,39.0,35.0,,,,,,,,,,,,,,,,,,,,,,,,,,,,,,,,,,,,,,,,,,,,,,,,,,
104,104,2000,Da Brat,What'Chu Like,3:57,Rap,2000-06-03,2000-08-12,71,65.0,54.0,54.0,51.0,41.0,41.0,33.0,28.0,31.0,26.0,28.0,36.0,39.0,49.0,58.0,62.0,65.0,68.0,68.0,,,,,,,,,,,,,,,,,,,,,,,,,,,,,,,,,,,,,,,,,,,,,,,,,,,,,,,,
105,105,2000,DMX,Party Up (Up In Here),3:45,Rap,2000-02-26,2000-04-22,88,74.0,62.0,56.0,49.0,44.0,38.0,32.0,27.0,27.0,27.0,27.0,27.0,28.0,28.0,33.0,35.0,42.0,44.0,46.0,43.0,,,,,,,,,,,,,,,,,,,,,,,,,,,,,,,,,,,,,,,,,,,,,,,,,,,,,,,
106,106,2000,"Dixie Chicks, The",Cowboy Take Me Away,4:51,Country,1999-11-27,2000-01-29,79,72.0,70.0,61.0,52.0,52.0,52.0,39.0,31.0,27.0,27.0,27.0,31.0,37.0,40.0,47.0,51.0,56.0,59.0,59.0,,,,,,,,,,,,,,,,,,,,,,,,,,,,,,,,,,,,,,,,,,,,,,,,,,,,,,,,
107,107,2000,"McGraw, Tim",My Next Thirty Years,3:37,Country,2000-10-21,2000-12-16,73,62.0,56.0,52.0,46.0,40.0,36.0,31.0,27.0,27.0,28.0,40.0,33.0,33.0,39.0,40.0,48.0,53.0,58.0,62.0,,,,,,,,,,,,,,,,,,,,,,,,,,,,,,,,,,,,,,,,,,,,,,,,,,,,,,,,
108,108,2000,"Tritt, Travis",Best Of Intentions,4:15,Country,2000-08-19,2000-12-02,97,86.0,79.0,70.0,63.0,56.0,50.0,48.0,51.0,38.0,33.0,31.0,28.0,28.0,28.0,27.0,29.0,31.0,37.0,45.0,49.0,48.0,,,,,,,,,,,,,,,,,,,,,,,,,,,,,,,,,,,,,,,,,,,,,,,,,,,,,,
109,109,2000,Alice Deejay,Better Off Alone,6:50,Electronica,2000-04-08,2000-06-03,79,65.0,53.0,48.0,45.0,36.0,34.0,29.0,27.0,30.0,36.0,37.0,39.0,49.0,57.0,63.0,65.0,68.0,79.0,86.0,,,,,,,,,,,,,,,,,,,,,,,,,,,,,,,,,,,,,,,,,,,,,,,,,,,,,,,,
110,110,2000,Hoku,Another Dumb Blonde,3:47,Pop,2000-02-19,2000-04-08,69,49.0,49.0,34.0,34.0,34.0,30.0,27.0,36.0,41.0,53.0,56.0,80.0,100.0,,,,,,,,,,,,,,,,,,,,,,,,,,,,,,,,,,,,,,,,,,,,,,,,,,,,,,,,,,,,,,
111,111,2000,"Houston, Whitney",I Learned From The Best,4:18,Rock,2000-02-19,2000-03-25,83,83.0,83.0,40.0,28.0,27.0,28.0,36.0,53.0,73.0,82.0,,,,,,,,,,,,,,,,,,,,,,,,,,,,,,,,,,,,,,,,,,,,,,,,,,,,,,,,,,,,,,,,,
112,112,2000,Counting Crows,Hanginaround,4:07,Rock,1999-11-06,2000-01-29,84,70.0,66.0,60.0,46.0,37.0,35.0,35.0,35.0,32.0,29.0,29.0,28.0,32.0,38.0,48.0,56.0,59.0,61.0,66.0,,,,,,,,,,,,,,,,,,,,,,,,,,,,,,,,,,,,,,,,,,,,,,,,,,,,,,,,
113,113,2000,Mary Mary,Shackles (Praise You),3:12,Rock,2000-03-25,2000-05-13,90,76.0,72.0,54.0,43.0,37.0,34.0,28.0,33.0,30.0,31.0,39.0,43.0,53.0,60.0,70.0,71.0,76.0,84.0,94.0,,,,,,,,,,,,,,,,,,,,,,,,,,,,,,,,,,,,,,,,,,,,,,,,,,,,,,,,
114,114,2000,"Carey, Mariah",Crybaby,5:19,Rock,2000-06-24,2000-06-24,28,34.0,48.0,62.0,77.0,90.0,95.0,,,,,,,,,,,,,,,,,,,,,,,,,,,,,,,,,,,,,,,,,,,,,,,,,,,,,,,,,,,,,,,,,,,,,
115,115,2000,"McGraw, Tim",My Best Friend,4:33,Country,1999-11-27,2000-01-29,85,76.0,71.0,64.0,54.0,54.0,55.0,46.0,38.0,29.0,29.0,33.0,32.0,31.0,36.0,38.0,39.0,41.0,46.0,49.0,48.0,,,,,,,,,,,,,,,,,,,,,,,,,,,,,,,,,,,,,,,,,,,,,,,,,,,,,,,
116,116,2000,Sugar Ray,Falls Apart,4:15,Rock,2000-01-15,2000-02-19,70,64.0,54.0,40.0,34.0,29.0,29.0,32.0,32.0,37.0,47.0,49.0,52.0,60.0,76.0,80.0,89.0,97.0,98.0,100.0,,,,,,,,,,,,,,,,,,,,,,,,,,,,,,,,,,,,,,,,,,,,,,,,,,,,,,,,
117,117,2000,Madonna,American Pie,4:30,Rock,2000-02-19,2000-03-04,43,35.0,29.0,29.0,33.0,32.0,40.0,58.0,88.0,,,,,,,,,,,,,,,,,,,,,,,,,,,,,,,,,,,,,,,,,,,,,,,,,,,,,,,,,,,,,,,,,,,
118,118,2000,"Jones, Donell",Where I Wanna Be,6:22,Rock,2000-04-22,2000-07-08,81,71.0,65.0,50.0,41.0,41.0,36.0,41.0,38.0,35.0,33.0,29.0,36.0,34.0,34.0,40.0,42.0,49.0,55.0,62.0,,,,,,,,,,,,,,,,,,,,,,,,,,,,,,,,,,,,,,,,,,,,,,,,,,,,,,,,
119,119,2000,"Paisley, Brad",We Danced,3:45,Country,2000-10-14,2000-12-16,71,68.0,52.0,52.0,45.0,42.0,39.0,34.0,34.0,29.0,36.0,42.0,55.0,53.0,57.0,64.0,72.0,84.0,83.0,86.0,,,,,,,,,,,,,,,,,,,,,,,,,,,,,,,,,,,,,,,,,,,,,,,,,,,,,,,,
120,120,2000,Lonestar,What About Now,3:30,Country,2000-06-10,2000-08-19,78,72.0,66.0,64.0,56.0,50.0,47.0,39.0,37.0,34.0,30.0,30.0,35.0,36.0,37.0,43.0,54.0,60.0,61.0,69.0,,,,,,,,,,,,,,,,,,,,,,,,,,,,,,,,,,,,,,,,,,,,,,,,,,,,,,,,
121,121,2000,"Backstreet Boys, The",The One,3:46,Rock,2000-05-27,2000-07-01,58,50.0,43.0,37.0,31.0,30.0,39.0,47.0,55.0,61.0,76.0,90.0,93.0,93.0,100.0,,,,,,,,,,,,,,,,,,,,,,,,,,,,,,,,,,,,,,,,,,,,,,,,,,,,,,,,,,,,,
122,122,2000,"Keith, Toby",How Do You Like Me Now?!,3:29,Country,2000-01-29,2000-04-08,77,72.0,59.0,53.0,45.0,43.0,41.0,36.0,36.0,32.0,31.0,31.0,35.0,35.0,38.0,43.0,45.0,51.0,52.0,54.0,,,,,,,,,,,,,,,,,,,,,,,,,,,,,,,,,,,,,,,,,,,,,,,,,,,,,,,,
123,123,2000,"Strait, George",The Best Day,3:24,Country,2000-01-29,2000-04-22,73,64.0,54.0,45.0,44.0,44.0,44.0,41.0,39.0,34.0,33.0,33.0,31.0,33.0,36.0,39.0,43.0,49.0,53.0,62.0,,,,,,,,,,,,,,,,,,,,,,,,,,,,,,,,,,,,,,,,,,,,,,,,,,,,,,,,
124,124,2000,"Dixie Chicks, The",Without You,3:32,Country,2000-10-07,2000-12-23,80,70.0,63.0,56.0,50.0,49.0,48.0,46.0,41.0,40.0,35.0,31.0,33.0,44.0,36.0,35.0,37.0,43.0,51.0,54.0,,,,,,,,,,,,,,,,,,,,,,,,,,,,,,,,,,,,,,,,,,,,,,,,,,,,,,,,
125,125,2000,Musiq,Just Friends (Sunny),4:02,Rap,2000-10-14,2000-12-30,89,83.0,65.0,55.0,54.0,54.0,52.0,44.0,41.0,34.0,32.0,31.0,35.0,34.0,41.0,41.0,48.0,54.0,58.0,68.0,,,,,,,,,,,,,,,,,,,,,,,,,,,,,,,,,,,,,,,,,,,,,,,,,,,,,,,,
126,126,2000,"McEntire, Reba",What Do You Say,3:26,Country,1999-10-30,2000-01-29,88,76.0,71.0,71.0,69.0,63.0,56.0,51.0,46.0,46.0,53.0,43.0,33.0,31.0,34.0,41.0,50.0,60.0,68.0,71.0,,,,,,,,,,,,,,,,,,,,,,,,,,,,,,,,,,,,,,,,,,,,,,,,,,,,,,,,
127,127,2000,"Braxton, Toni",Just Be A Man About It,4:10,Rock,2000-07-29,2000-09-02,76,69.0,51.0,42.0,37.0,32.0,32.0,34.0,34.0,38.0,50.0,53.0,53.0,63.0,65.0,72.0,79.0,84.0,89.0,90.0,,,,,,,,,,,,,,,,,,,,,,,,,,,,,,,,,,,,,,,,,,,,,,,,,,,,,,,,
128,128,2000,"Iglesias, Enrique",Rhythm Divine,7:35,Latin,1999-12-04,2000-01-22,90,84.0,79.0,67.0,67.0,39.0,33.0,32.0,38.0,38.0,49.0,51.0,61.0,61.0,66.0,88.0,96.0,,,,,,,,,,,,,,,,,,,,,,,,,,,,,,,,,,,,,,,,,,,,,,,,,,,,,,,,,,,
129,129,2000,"Fabian, Lara",I Will Love Again,3:43,Pop,2000-06-10,2000-08-12,91,80.0,75.0,61.0,60.0,52.0,45.0,40.0,36.0,32.0,37.0,45.0,68.0,80.0,80.0,89.0,96.0,,,,,,,,,,,,,,,,,,,,,,,,,,,,,,,,,,,,,,,,,,,,,,,,,,,,,,,,,,,
130,130,2000,Bon Jovi,It's My Life,3:44,Rock,2000-08-12,2000-09-30,64,58.0,51.0,51.0,48.0,45.0,36.0,33.0,34.0,34.0,35.0,34.0,39.0,44.0,51.0,58.0,61.0,84.0,85.0,87.0,,,,,,,,,,,,,,,,,,,,,,,,,,,,,,,,,,,,,,,,,,,,,,,,,,,,,,,,
131,131,2000,"Evans, Sara",Born To Fly,5:36,Country,2000-10-21,2000-12-30,77,71.0,64.0,57.0,55.0,51.0,46.0,44.0,36.0,39.0,34.0,46.0,44.0,36.0,42.0,53.0,58.0,74.0,81.0,86.0,,,,,,,,,,,,,,,,,,,,,,,,,,,,,,,,,,,,,,,,,,,,,,,,,,,,,,,,
132,132,2000,"Chesney, Kenny",I Lost It,3:54,Country,2000-10-21,2000-12-23,75,67.0,61.0,58.0,58.0,53.0,47.0,47.0,40.0,34.0,36.0,45.0,42.0,45.0,60.0,70.0,82.0,88.0,89.0,92.0,,,,,,,,,,,,,,,,,,,,,,,,,,,,,,,,,,,,,,,,,,,,,,,,,,,,,,,,
133,133,2000,J-Shin,One Night Stand,4:34,R&B,1999-12-25,2000-02-26,96,96.0,69.0,74.0,72.0,62.0,49.0,45.0,38.0,34.0,38.0,45.0,47.0,58.0,68.0,88.0,99.0,,,,,,,,,,,,,,,,,,,,,,,,,,,,,,,,,,,,,,,,,,,,,,,,,,,,,,,,,,,
134,134,2000,Eve,Love Is Blind,3:51,Rap,2000-01-08,2000-02-19,94,91.0,57.0,46.0,46.0,40.0,34.0,39.0,42.0,46.0,50.0,59.0,66.0,78.0,87.0,99.0,,,,,,,,,,,,,,,,,,,,,,,,,,,,,,,,,,,,,,,,,,,,,,,,,,,,,,,,,,,,
135,135,2000,Aaliyah,I Don't Wanna,4:15,Rock,2000-01-29,2000-03-04,84,62.0,51.0,41.0,38.0,35.0,35.0,38.0,38.0,36.0,37.0,37.0,38.0,49.0,61.0,63.0,62.0,67.0,83.0,86.0,,,,,,,,,,,,,,,,,,,,,,,,,,,,,,,,,,,,,,,,,,,,,,,,,,,,,,,,
136,136,2000,"Montgomery, John Michael",The Little Girl,3:52,Country,2000-09-09,2000-10-28,81,67.0,64.0,56.0,45.0,41.0,41.0,35.0,35.0,38.0,37.0,42.0,45.0,50.0,57.0,63.0,62.0,83.0,74.0,74.0,,,,,,,,,,,,,,,,,,,,,,,,,,,,,,,,,,,,,,,,,,,,,,,,,,,,,,,,
137,137,2000,"Carter, Aaron",Aaron's Party (Come Get It),3:23,R&B,2000-08-26,2000-09-16,99,75.0,57.0,35.0,35.0,37.0,43.0,79.0,51.0,55.0,67.0,83.0,86.0,92.0,100.0,,,,,,,,,,,,,,,,,,,,,,,,,,,,,,,,,,,,,,,,,,,,,,,,,,,,,,,,,,,,,
138,138,2000,"Vassar, Phil",Just Another Day In Paradise,3:54,Country,2000-09-30,2000-12-02,81,81.0,76.0,67.0,53.0,46.0,43.0,38.0,36.0,35.0,43.0,41.0,46.0,51.0,62.0,58.0,63.0,70.0,74.0,79.0,,,,,,,,,,,,,,,,,,,,,,,,,,,,,,,,,,,,,,,,,,,,,,,,,,,,,,,,
139,139,2000,Ice Cube,You Can Do It,4:20,Rap,1999-12-04,2000-01-15,86,66.0,50.0,42.0,42.0,40.0,35.0,46.0,45.0,54.0,73.0,89.0,,,,,,,,,,,,,,,,,,,,,,,,,,,,,,,,,,,,,,,,,,,,,,,,,,,,,,,,,,,,,,,,
140,140,2000,"Wills, Mark",Back At One,4:00,Country,2000-01-15,2000-02-26,89,55.0,51.0,43.0,37.0,37.0,36.0,39.0,42.0,46.0,45.0,52.0,64.0,74.0,84.0,90.0,94.0,99.0,,,,,,,,,,,,,,,,,,,,,,,,,,,,,,,,,,,,,,,,,,,,,,,,,,,,,,,,,,
141,141,2000,Lucy Pearl,Dance Tonight,3:45,R&B,2000-05-20,2000-07-29,80,75.0,63.0,59.0,55.0,49.0,42.0,42.0,40.0,40.0,36.0,43.0,46.0,54.0,72.0,84.0,84.0,86.0,92.0,,,,,,,,,,,,,,,,,,,,,,,,,,,,,,,,,,,,,,,,,,,,,,,,,,,,,,,,,
142,142,2000,"Jackson, Alan",It Must Be Love,2:53,Country,2000-06-24,2000-09-02,76,74.0,68.0,63.0,57.0,49.0,44.0,39.0,39.0,38.0,37.0,37.0,40.0,47.0,62.0,64.0,75.0,80.0,84.0,89.0,,,,,,,,,,,,,,,,,,,,,,,,,,,,,,,,,,,,,,,,,,,,,,,,,,,,,,,,
143,143,2000,"Griggs, Andy",She's More,3:19,Country,2000-03-11,2000-06-10,81,76.0,69.0,67.0,62.0,55.0,52.0,51.0,51.0,48.0,47.0,43.0,42.0,37.0,41.0,50.0,69.0,73.0,77.0,85.0,,,,,,,,,,,,,,,,,,,,,,,,,,,,,,,,,,,,,,,,,,,,,,,,,,,,,,,,
144,144,2000,No Doubt,Simple Kind Of Life,4:11,Rock,2000-07-01,2000-07-22,50,40.0,39.0,38.0,38.0,48.0,52.0,55.0,80.0,85.0,88.0,100.0,98.0,,,,,,,,,,,,,,,,,,,,,,,,,,,,,,,,,,,,,,,,,,,,,,,,,,,,,,,,,,,,,,,
145,145,2000,"Jean, Wyclef",911,4:00,Rap,2000-10-07,2000-11-25,77,74.0,64.0,61.0,53.0,48.0,43.0,38.0,42.0,38.0,44.0,49.0,53.0,61.0,66.0,68.0,80.0,85.0,96.0,,,,,,,,,,,,,,,,,,,,,,,,,,,,,,,,,,,,,,,,,,,,,,,,,,,,,,,,,
146,146,2000,Rascal Flatts,Prayin' For Daylight,3:36,Country,2000-05-06,2000-08-12,87,78.0,72.0,68.0,66.0,64.0,58.0,58.0,56.0,54.0,49.0,46.0,46.0,41.0,38.0,38.0,47.0,65.0,72.0,77.0,,,,,,,,,,,,,,,,,,,,,,,,,,,,,,,,,,,,,,,,,,,,,,,,,,,,,,,,
147,147,2000,Vitamin C,Graduation (Friends Forever),4:23,Rock,2000-04-15,2000-06-10,81,64.0,54.0,54.0,46.0,40.0,40.0,40.0,38.0,42.0,57.0,87.0,,,,,,,,,,,,,,,,,,,,,,,,,,,,,,,,,,,,,,,,,,,,,,,,,,,,,,,,,,,,,,,,
148,148,2000,"Gilman, Billy",One Voice,4:07,Country,2000-06-17,2000-09-02,86,86.0,82.0,72.0,65.0,56.0,56.0,55.0,44.0,44.0,43.0,38.0,40.0,44.0,61.0,77.0,85.0,95.0,97.0,,,,,,,,,,,,,,,,,,,,,,,,,,,,,,,,,,,,,,,,,,,,,,,,,,,,,,,,,
149,149,2000,Lonestar,Smile,3:33,Country,1999-12-18,2000-02-12,89,80.0,80.0,80.0,65.0,47.0,44.0,42.0,39.0,39.0,43.0,41.0,43.0,45.0,50.0,58.0,67.0,78.0,85.0,91.0,,,,,,,,,,,,,,,,,,,,,,,,,,,,,,,,,,,,,,,,,,,,,,,,,,,,,,,,
150,150,2000,"Rogers, Kenny",Buy Me A Rose,3:46,Country,2000-03-11,2000-05-06,79,72.0,65.0,65.0,54.0,46.0,46.0,43.0,40.0,40.0,46.0,54.0,58.0,66.0,73.0,82.0,86.0,84.0,88.0,91.0,,,,,,,,,,,,,,,,,,,,,,,,,,,,,,,,,,,,,,,,,,,,,,,,,,,,,,,,
151,151,2000,"Lawrence, Tracy",Lessons Learned,2:55,Country,2000-01-29,2000-04-08,80,73.0,61.0,61.0,48.0,48.0,48.0,48.0,44.0,42.0,40.0,40.0,50.0,66.0,81.0,93.0,94.0,99.0,99.0,100.0,,,,,,,,,,,,,,,,,,,,,,,,,,,,,,,,,,,,,,,,,,,,,,,,,,,,,,,,
152,152,2000,"Strait, George",Go On,3:48,Country,2000-08-26,2000-10-28,71,67.0,63.0,56.0,53.0,48.0,46.0,46.0,44.0,40.0,44.0,46.0,49.0,56.0,56.0,71.0,78.0,88.0,95.0,,97.0,,,,,,,,,,,,,,,,,,,,,,,,,,,,,,,,,,,,,,,,,,,,,,,,,,,,,,,
153,153,2000,Sisqo,Got To Get It,3:52,Rock,1999-11-20,2000-01-22,92,76.0,73.0,58.0,48.0,48.0,48.0,48.0,49.0,40.0,43.0,51.0,50.0,57.0,63.0,64.0,68.0,82.0,88.0,95.0,,,,,,,,,,,,,,,,,,,,,,,,,,,,,,,,,,,,,,,,,,,,,,,,,,,,,,,,
154,154,2000,Baha Men,Who Let The Dogs Out,3:17,R&B,2000-07-22,2000-10-21,99,92.0,85.0,76.0,65.0,54.0,61.0,58.0,54.0,54.0,53.0,53.0,43.0,40.0,44.0,41.0,51.0,65.0,78.0,84.0,,,,,,,,,,,,,,,,,,,,,,,,,,,,,,,,,,,,,,,,,,,,,,,,,,,,,,,,
155,155,2000,"Walker, Clay",The Chain Of Love,5:03,Country,2000-04-15,2000-06-10,73,65.0,57.0,57.0,51.0,48.0,44.0,43.0,40.0,45.0,44.0,53.0,57.0,68.0,71.0,81.0,90.0,94.0,94.0,95.0,,,,,,,,,,,,,,,,,,,,,,,,,,,,,,,,,,,,,,,,,,,,,,,,,,,,,,,,
156,156,2000,"McBride, Martina",Love's The Only House,5:13,Country,2000-02-05,2000-04-15,79,69.0,65.0,58.0,53.0,52.0,52.0,48.0,45.0,43.0,42.0,42.0,50.0,60.0,64.0,75.0,91.0,93.0,92.0,90.0,,,,,,,,,,,,,,,,,,,,,,,,,,,,,,,,,,,,,,,,,,,,,,,,,,,,,,,,
157,157,2000,Amber,Sexual (Li Da Di),4:38,Rock,1999-07-17,2000-02-12,99,99.0,96.0,96.0,100.0,93.0,93.0,96.0,,,99.0,,96.0,96.0,99.0,98.0,98.0,,95.0,88.0,88.0,79.0,76.0,69.0,69.0,59.0,58.0,58.0,49.0,44.0,42.0,46.0,50.0,,,,,,,,,,,,,,,,,,,,,,,,,,,,,,,,,,,,,,,,,,,
158,158,2000,"Tippin, Aaron",Kiss This,2:53,Country,2000-08-26,2000-10-21,74,72.0,66.0,53.0,52.0,47.0,47.0,45.0,42.0,46.0,51.0,60.0,68.0,69.0,78.0,94.0,87.0,92.0,97.0,99.0,,,,,,,,,,,,,,,,,,,,,,,,,,,,,,,,,,,,,,,,,,,,,,,,,,,,,,,,
159,159,2000,SheDaisy,I Will.. But,3:40,Country,2000-07-15,2000-09-16,78,74.0,70.0,61.0,59.0,52.0,48.0,47.0,45.0,43.0,44.0,43.0,52.0,56.0,70.0,80.0,86.0,81.0,85.0,87.0,,,,,,,,,,,,,,,,,,,,,,,,,,,,,,,,,,,,,,,,,,,,,,,,,,,,,,,,
160,160,2000,"Raye, Collin",Couldn't Last A Moment,3:40,Country,2000-03-18,2000-06-24,91,85.0,75.0,73.0,67.0,63.0,63.0,63.0,56.0,49.0,48.0,46.0,44.0,44.0,43.0,45.0,53.0,66.0,73.0,89.0,,,,,,,,,,,,,,,,,,,,,,,,,,,,,,,,,,,,,,,,,,,,,,,,,,,,,,,,
161,161,2000,Black Rob,Whoa!,4:04,Rap,2000-03-04,2000-04-15,78,59.0,53.0,52.0,47.0,46.0,43.0,47.0,47.0,58.0,54.0,57.0,70.0,85.0,84.0,93.0,97.0,,,,,,,,,,,,,,,,,,,,,,,,,,,,,,,,,,,,,,,,,,,,,,,,,,,,,,,,,,,
162,162,2000,"Jackson, Alan",Pop A Top,3:04,Country,1999-11-13,2000-01-22,79,73.0,70.0,64.0,63.0,57.0,55.0,55.0,63.0,52.0,43.0,47.0,55.0,78.0,95.0,100.0,,100.0,,,,,,,,,,,,,,,,,,,,,,,,,,,,,,,,,,,,,,,,,,,,,,,,,,,,,,,,,,
163,163,2000,"Black, Clint",Been There,5:28,Country,2000-02-19,2000-04-15,87,73.0,62.0,58.0,58.0,57.0,51.0,47.0,44.0,44.0,44.0,55.0,53.0,53.0,63.0,84.0,85.0,87.0,95.0,100.0,,,,,,,,,,,,,,,,,,,,,,,,,,,,,,,,,,,,,,,,,,,,,,,,,,,,,,,,
164,164,2000,Common,The Light,3:55,Rap,2000-08-05,2000-09-09,75,55.0,53.0,49.0,46.0,44.0,49.0,51.0,51.0,56.0,52.0,56.0,70.0,82.0,86.0,89.0,93.0,93.0,99.0,,,,,,,,,,,,,,,,,,,,,,,,,,,,,,,,,,,,,,,,,,,,,,,,,,,,,,,,,
165,165,2000,"Vassar, Phil",Carlene,4:07,Country,2000-03-04,2000-04-22,75,67.0,64.0,64.0,57.0,53.0,47.0,45.0,45.0,50.0,52.0,56.0,59.0,78.0,83.0,84.0,91.0,96.0,93.0,,,,,,,,,,,,,,,,,,,,,,,,,,,,,,,,,,,,,,,,,,,,,,,,,,,,,,,,,
166,166,2000,"Jackson, Alan",www.memory,2:36,Country,2000-11-04,2000-12-23,75,59.0,59.0,54.0,50.0,49.0,47.0,45.0,49.0,69.0,63.0,67.0,77.0,89.0,99.0,,,,,,,,,,,,,,,,,,,,,,,,,,,,,,,,,,,,,,,,,,,,,,,,,,,,,,,,,,,,,
167,167,2000,Vitamin C,The Itch,3:30,Rock,2000-12-02,2000-12-16,86,48.0,45.0,52.0,57.0,58.0,76.0,95.0,100.0,,,,,,,,,,,,,,,,,,,,,,,,,,,,,,,,,,,,,,,,,,,,,,,,,,,,,,,,,,,,,,,,,,,
168,168,2000,"Eastsidaz, The",G'D Up,4:27,Rap,2000-01-08,2000-02-12,77,77.0,89.0,64.0,57.0,47.0,47.0,55.0,65.0,69.0,83.0,82.0,90.0,94.0,,,,,,,,,,,,,,,,,,,,,,,,,,,,,,,,,,,,,,,,,,,,,,,,,,,,,,,,,,,,,,
169,169,2000,Ideal,Whatever,3:48,R&B,2000-06-10,2000-08-19,75,75.0,67.0,73.0,64.0,56.0,54.0,54.0,54.0,48.0,47.0,50.0,60.0,68.0,73.0,81.0,92.0,90.0,,,,,,,,,,,,,,,,,,,,,,,,,,,,,,,,,,,,,,,,,,,,,,,,,,,,,,,,,,
170,170,2000,"Thomas, Carl",Emotional,4:31,Rock,2000-11-25,2000-12-30,77,63.0,61.0,58.0,54.0,47.0,53.0,52.0,49.0,52.0,60.0,62.0,69.0,69.0,63.0,76.0,87.0,82.0,91.0,99.0,,,,,,,,,,,,,,,,,,,,,,,,,,,,,,,,,,,,,,,,,,,,,,,,,,,,,,,,
171,171,2000,Ginuwine,None Of Ur Friends Business,4:12,Rock,1999-12-11,2000-01-22,94,84.0,71.0,71.0,60.0,63.0,48.0,48.0,48.0,55.0,64.0,71.0,85.0,85.0,92.0,,,,,,,,,,,,,,,,,,,,,,,,,,,,,,,,,,,,,,,,,,,,,,,,,,,,,,,,,,,,,
172,172,2000,"Davidson, Clay",Unconditional,3:56,Country,2000-03-25,2000-06-17,97,97.0,97.0,90.0,83.0,78.0,74.0,69.0,60.0,56.0,54.0,50.0,49.0,55.0,52.0,51.0,51.0,62.0,63.0,83.0,,,,,,,,,,,,,,,,,,,,,,,,,,,,,,,,,,,,,,,,,,,,,,,,,,,,,,,,
173,173,2000,DMX,What You Want,4:05,Rap,2000-07-01,2000-09-23,98,95.0,95.0,87.0,86.0,79.0,62.0,60.0,58.0,57.0,52.0,55.0,49.0,57.0,62.0,65.0,87.0,89.0,99.0,100.0,,,,,,,,,,,,,,,,,,,,,,,,,,,,,,,,,,,,,,,,,,,,,,,,,,,,,,,,
174,174,2000,"John, Elton",Someday Out Of The Blue,4:41,Rock,2000-04-22,2000-05-06,56,56.0,49.0,59.0,67.0,60.0,64.0,73.0,81.0,90.0,93.0,89.0,98.0,94.0,99.0,,,,,,,,,,,,,,,,,,,,,,,,,,,,,,,,,,,,,,,,,,,,,,,,,,,,,,,,,,,,,
175,175,2000,Pearl Jam,Nothing As It Seems,5:20,Rock,2000-05-13,2000-05-13,49,70.0,84.0,89.0,93.0,91.0,,,,,,,,,,,,,,,,,,,,,,,,,,,,,,,,,,,,,,,,,,,,,,,,,,,,,,,,,,,,,,,,,,,,,,
176,176,2000,Mya,The Best Of Me,4:12,Rock,2000-04-15,2000-05-20,85,70.0,65.0,62.0,55.0,50.0,50.0,56.0,61.0,61.0,72.0,84.0,81.0,86.0,86.0,94.0,97.0,,,,,,,,,,,,,,,,,,,,,,,,,,,,,,,,,,,,,,,,,,,,,,,,,,,,,,,,,,,
177,177,2000,"Heatherly, Eric",Flowers On The Wall,3:16,Country,2000-04-29,2000-08-12,95,88.0,88.0,82.0,82.0,77.0,72.0,67.0,65.0,65.0,65.0,60.0,60.0,53.0,51.0,50.0,57.0,77.0,83.0,89.0,,,,,,,,,,,,,,,,,,,,,,,,,,,,,,,,,,,,,,,,,,,,,,,,,,,,,,,,
178,178,2000,Eminem,Stan,5:26,Rap,2000-11-04,2000-12-02,78,67.0,57.0,57.0,51.0,51.0,51.0,57.0,55.0,70.0,69.0,77.0,88.0,93.0,100.0,,,,,,,,,,,,,,,,,,,,,,,,,,,,,,,,,,,,,,,,,,,,,,,,,,,,,,,,,,,,,
179,179,2000,"McEntire, Reba",I'll Be,4:23,Country,2000-05-13,2000-07-29,89,79.0,79.0,72.0,69.0,64.0,61.0,57.0,55.0,55.0,52.0,51.0,53.0,60.0,81.0,84.0,93.0,91.0,94.0,100.0,,,,,,,,,,,,,,,,,,,,,,,,,,,,,,,,,,,,,,,,,,,,,,,,,,,,,,,,
180,180,2000,"Lopez, Jennifer",Feelin' Good,4:28,Latin,2000-02-19,2000-04-08,79,79.0,66.0,54.0,54.0,54.0,54.0,51.0,61.0,79.0,96.0,,,64.0,74.0,73.0,79.0,82.0,96.0,,,,,,,,,,,,,,,,,,,,,,,,,,,,,,,,,,,,,,,,,,,,,,,,,,,,,,,,,
181,181,2000,"Urban, Keith",Your Everything,4:10,Country,2000-07-15,2000-09-16,81,80.0,73.0,73.0,67.0,64.0,60.0,59.0,53.0,51.0,55.0,66.0,84.0,90.0,96.0,100.0,,,,,,,,,,,,,,,,,,,,,,,,,,,,,,,,,,,,,,,,,,,,,,,,,,,,,,,,,,,,
182,182,2000,TLC,Dear Lie,4:36,Rock,2000-02-12,2000-03-04,63,55.0,52.0,51.0,56.0,74.0,92.0,,,,,,,,,,,,,,,,,,,,,,,,,,,,,,,,,,,,,,,,,,,,,,,,,,,,,,,,,,,,,,,,,,,,,
183,183,2000,"Gill, Vince",Feels Like Love,4:13,Country,2000-09-02,2000-11-18,82,76.0,74.0,73.0,73.0,65.0,59.0,58.0,54.0,54.0,53.0,52.0,55.0,52.0,57.0,76.0,91.0,99.0,,91.0,89.0,,,,,,,,,,,,,,,,,,,,,,,,,,,,,,,,,,,,,,,,,,,,,,,,,,,,,,,
184,184,2000,"Houston, Whitney",Could I Have This Kiss Forever,3:54,Rock,2000-06-17,2000-08-05,74,68.0,68.0,67.0,59.0,59.0,60.0,52.0,54.0,56.0,59.0,70.0,69.0,81.0,87.0,95.0,98.0,100.0,,97.0,,,,,,,,,,,,,,,,,,,,,,,,,,,,,,,,,,,,,,,,,,,,,,,,,,,,,,,,
185,185,2000,Bloodhound Gang,The Bad Touch,4:20,R&B,2000-03-18,2000-04-15,70,62.0,55.0,55.0,52.0,57.0,72.0,80.0,82.0,92.0,96.0,98.0,,,,,,,,,,,,,,,,,,,,,,,,,,,,,,,,,,,,,,,,,,,,,,,,,,,,,,,,,,,,,,,,
186,186,2000,"Williams, Robbie",Angels,3:56,Rock,1999-11-20,2000-01-22,85,77.0,69.0,69.0,62.0,56.0,56.0,64.0,54.0,53.0,72.0,83.0,81.0,88.0,96.0,93.0,91.0,89.0,95.0,,,,,,,,,,,,,,,,,,,,,,,,,,,,,,,,,,,,,,,,,,,,,,,,,,,,,,,,,
187,187,2000,"Messina, Jo Dee",Because You Love Me,3:50,Country,2000-01-29,2000-03-11,83,78.0,71.0,71.0,66.0,55.0,53.0,57.0,61.0,61.0,61.0,72.0,93.0,,,,,,,,,,,,,,,,,,,,,,,,,,,,,,,,,,,,,,,,,,,,,,,,,,,,,,,,,,,,,,,
188,188,2000,"Keith, Toby",Country Comes To Town,3:39,Country,2000-08-05,2000-10-14,82,78.0,75.0,69.0,66.0,62.0,59.0,58.0,55.0,55.0,54.0,62.0,81.0,95.0,93.0,,,,,,,,,,,,,,,,,,,,,,,,,,,,,,,,,,,,,,,,,,,,,,,,,,,,,,,,,,,,,
189,189,2000,Beenie Man,Girls Dem Sugar,4:17,Reggae,2000-10-21,2000-12-02,72,72.0,63.0,56.0,62.0,63.0,54.0,60.0,69.0,75.0,84.0,92.0,85.0,84.0,95.0,,,,,,,,,,,,,,,,,,,,,,,,,,,,,,,,,,,,,,,,,,,,,,,,,,,,,,,,,,,,,
190,190,2000,"Hill, Faith",Let's Make Love,4:11,Rap,2000-08-12,2000-10-21,83,83.0,73.0,73.0,67.0,60.0,60.0,60.0,57.0,55.0,54.0,69.0,88.0,91.0,,,,,,,,,,,,,,,,,,,,,,,,,,,,,,,,,,,,,,,,,,,,,,,,,,,,,,,,,,,,,,
191,191,2000,Kelis,Caught Out There,4:09,R&B,1999-12-04,2000-01-08,84,68.0,67.0,63.0,63.0,54.0,56.0,59.0,68.0,67.0,75.0,90.0,,,,,,,,,,,,,,,,,,,,,,,,,,,,,,,,,,,,,,,,,,,,,,,,,,,,,,,,,,,,,,,,
192,192,2000,Jay-Z,Anything,3:41,Rap,2000-02-26,2000-03-11,72,58.0,55.0,55.0,63.0,74.0,86.0,92.0,,,,,,,,,,,,,,,,,,,,,,,,,,,,,,,,,,,,,,,,,,,,,,,,,,,,,,,,,,,,,,,,,,,,
193,193,2000,3 Doors Down,Loser,4:24,Rock,2000-10-21,2000-12-02,76,76.0,72.0,69.0,67.0,65.0,55.0,59.0,62.0,61.0,61.0,59.0,61.0,66.0,72.0,76.0,75.0,67.0,73.0,70.0,,,,,,,,,,,,,,,,,,,,,,,,,,,,,,,,,,,,,,,,,,,,,,,,,,,,,,,,
194,194,2000,Brooks & Dunn,You'll Always Be Loved By Me,2:58,Country,2000-06-10,2000-09-09,95,85.0,85.0,85.0,83.0,83.0,82.0,74.0,74.0,68.0,62.0,56.0,56.0,55.0,62.0,71.0,86.0,100.0,98.0,,,,,,,,,,,,,,,,,,,,,,,,,,,,,,,,,,,,,,,,,,,,,,,,,,,,,,,,,
195,195,2000,"Chesney, Kenny",What I Need To Do,4:05,Country,2000-04-01,2000-06-10,79,74.0,68.0,72.0,69.0,69.0,62.0,58.0,57.0,57.0,56.0,56.0,56.0,72.0,80.0,93.0,95.0,,,,,,,,,,,,,,,,,,,,,,,,,,,,,,,,,,,,,,,,,,,,,,,,,,,,,,,,,,,
196,196,2000,"Stone, Angie",No More Rain (In This Cloud),4:42,R&B,1999-12-25,2000-01-22,86,86.0,74.0,66.0,56.0,60.0,56.0,60.0,67.0,69.0,63.0,73.0,71.0,81.0,89.0,98.0,100.0,,,,,,,,,,,,,,,,,,,,,,,,,,,,,,,,,,,,,,,,,,,,,,,,,,,,,,,,,,,
197,197,2000,Da Brat,That's What I'm Looking For,3:44,Rap,2000-02-26,2000-04-15,93,73.0,60.0,60.0,60.0,60.0,63.0,56.0,58.0,70.0,71.0,72.0,90.0,94.0,94.0,94.0,94.0,100.0,,,,,,,,,,,,,,,,,,,,,,,,,,,,,,,,,,,,,,,,,,,,,,,,,,,,,,,,,,
198,198,2000,SheDaisy,This Woman Needs,3:20,Country,2000-02-05,2000-03-04,82,70.0,70.0,67.0,57.0,57.0,61.0,68.0,82.0,,,,,,,,,,,,,,,,,,,,,,,,,,,,,,,,,,,,,,,,,,,,,,,,,,,,,,,,,,,,,,,,,,,
199,199,2000,Papa Roach,Last Resort,3:19,Rock,2000-07-29,2000-12-02,75,71.0,69.0,69.0,66.0,64.0,61.0,61.0,66.0,64.0,63.0,60.0,65.0,66.0,62.0,66.0,64.0,64.0,57.0,72.0,,,,,,,,,,,,,,,,,,,,,,,,,,,,,,,,,,,,,,,,,,,,,,,,,,,,,,,,
200,200,2000,"Adams, Yolanda",Open My Heart,5:30,Gospel,2000-08-26,2000-10-21,76,76.0,74.0,69.0,68.0,67.0,61.0,58.0,57.0,59.0,66.0,68.0,61.0,67.0,59.0,63.0,67.0,71.0,79.0,89.0,,,,,,,,,,,,,,,,,,,,,,,,,,,,,,,,,,,,,,,,,,,,,,,,,,,,,,,,
201,201,2000,Shyne,Bad Boyz,4:22,Rap,2000-09-09,2000-10-28,94,87.0,90.0,90.0,82.0,67.0,61.0,57.0,71.0,78.0,74.0,81.0,88.0,96.0,100.0,,,,,,,,,,,,,,,,,,,,,,,,,,,,,,,,,,,,,,,,,,,,,,,,,,,,,,,,,,,,,
202,202,2000,R.E.M.,The Great Beyond,4:10,Rock,1999-12-25,2000-01-29,79,79.0,70.0,62.0,60.0,57.0,61.0,66.0,60.0,59.0,60.0,63.0,79.0,91.0,,,,,,,,,,,,,,,,,,,,,,,,,,,,,,,,,,,,,,,,,,,,,,,,,,,,,,,,,,,,,,
203,203,2000,"Diffie, Joe",It's Always Somethin',2:55,Country,2000-08-12,2000-09-16,81,78.0,67.0,63.0,60.0,57.0,63.0,69.0,78.0,85.0,92.0,92.0,,99.0,100.0,,,,,,,,,,,,,,,,,,,,,,,,,,,,,,,,,,,,,,,,,,,,,,,,,,,,,,,,,,,,,
204,204,2000,"McGraw, Tim",Some Things Never Change,3:56,Country,2000-05-13,2000-07-01,76,66.0,66.0,65.0,63.0,60.0,60.0,58.0,58.0,58.0,58.0,59.0,70.0,93.0,,,,,,,,,,,,,,,,,,,,,,,,,,,,,,,,,,,,,,,,,,,,,,,,,,,,,,,,,,,,,,
205,205,2000,"Henley, Don",Taking You Home,4:08,Rock,2000-06-24,2000-08-05,79,77.0,74.0,73.0,66.0,62.0,58.0,58.0,61.0,68.0,71.0,71.0,79.0,83.0,85.0,87.0,83.0,90.0,87.0,87.0,,,,,,,,,,,,,,,,,,,,,,,,,,,,,,,,,,,,,,,,,,,,,,,,,,,,,,,,
206,206,2000,Eminem,The Way I Am,4:40,Rap,2000-08-26,2000-09-30,87,74.0,59.0,65.0,59.0,58.0,59.0,62.0,89.0,86.0,,,,,,,,,,,,,,,,,,,,,,,,,,,,,,,,,,,,,,,,,,,,,,,,,,,,,,,,,,,,,,,,,,
207,207,2000,Nas,You Owe Me,3:51,R&B,2000-03-25,2000-04-15,74,72.0,68.0,59.0,59.0,59.0,67.0,67.0,63.0,69.0,75.0,82.0,79.0,88.0,95.0,96.0,,,,,,,,,,,,,,,,,,,,,,,,,,,,,,,,,,,,,,,,,,,,,,,,,,,,,,,,,,,,
208,208,2000,Sister Hazel,Change Your Mind,4:02,Rock,2000-07-15,2000-08-05,75,67.0,66.0,59.0,63.0,71.0,78.0,81.0,78.0,78.0,84.0,87.0,94.0,91.0,93.0,95.0,100.0,98.0,96.0,98.0,,,,,,,,,,,,,,,,,,,,,,,,,,,,,,,,,,,,,,,,,,,,,,,,,,,,,,,,
209,209,2000,Puff Daddy,Best Friend,5:33,Rap,2000-02-12,2000-02-19,65,59.0,62.0,79.0,99.0,,,,,,,,,,,,,,,,,,,,,,,,,,,,,,,,,,,,,,,,,,,,,,,,,,,,,,,,,,,,,,,,,,,,,,,
210,210,2000,"McBride, Martina",There You Are,3:26,Country,2000-09-09,2000-10-21,79,75.0,75.0,75.0,73.0,64.0,60.0,60.0,60.0,63.0,63.0,82.0,92.0,,,,,,,,,,,,,,,,,,,,,,,,,,,,,,,,,,,,,,,,,,,,,,,,,,,,,,,,,,,,,,,
211,211,2000,Usher,Pop Ya Collar,3:36,Rock,2000-11-04,2000-11-18,68,64.0,60.0,60.0,62.0,79.0,93.0,,,,,,,,,,,,,,,,,,,,,,,,,,,,,,,,,,,,,,,,,,,,,,,,,,,,,,,,,,,,,,,,,,,,,
212,212,2000,Lil' Kim,No Matter What They Say,4:12,Rap,2000-07-15,2000-08-05,80,72.0,67.0,60.0,65.0,73.0,81.0,86.0,90.0,97.0,,,,,,,,,,,,,,,,,,,,,,,,,,,,,,,,,,,,,,,,,,,,,,,,,,,,,,,,,,,,,,,,,,
213,213,2000,LFO,I Don't Wanna Kiss You Goodnight,5:00,Rock,2000-04-15,2000-04-22,63,61.0,68.0,73.0,91.0,,,,,,,,,,,,,,,,,,,,,,,,,,,,,,,,,,,,,,,,,,,,,,,,,,,,,,,,,,,,,,,,,,,,,,,
214,214,2000,SheDaisy,Deck The Halls,3:46,Country,1999-12-25,2000-01-01,97,61.0,,,,,,,,,,,,,,,,,,,,,,,,,,,,,,,,,,,,,,,,,,,,,,,,,,,,,,,,,,,,,,,,,,,,,,,,,,
215,215,2000,Splender,I Think God Can Explain,3:55,R&B,2000-06-10,2000-06-24,71,66.0,62.0,62.0,62.0,64.0,65.0,71.0,81.0,89.0,95.0,100.0,,,,,,,,,,,,,,,,,,,,,,,,,,,,,,,,,,,,,,,,,,,,,,,,,,,,,,,,,,,,,,,,
216,216,2000,"Simpson, Jessica",Where You Are,3:51,Rock,2000-04-01,2000-04-15,73,66.0,62.0,62.0,76.0,93.0,,,,,,,,,,,,,,,,,,,,,,,,,,,,,,,,,,,,,,,,,,,,,,,,,,,,,,,,,,,,,,,,,,,,,,
217,217,2000,M2M,Mirror Mirror,3:19,Pop,2000-04-01,2000-05-27,87,87.0,94.0,91.0,75.0,68.0,65.0,86.0,62.0,70.0,74.0,70.0,70.0,80.0,82.0,87.0,90.0,96.0,,,,,,,,,,,,,,,,,,,,,,,,,,,,,,,,,,,,,,,,,,,,,,,,,,,,,,,,,,
218,218,2000,Kumbia Kings,U Don't Love Me,3:50,R&B,2000-03-04,2000-03-18,81,64.0,62.0,67.0,70.0,70.0,75.0,87.0,89.0,100.0,,,,,,,,,,,,,,,,,,,,,,,,,,,,,,,,,,,,,,,,,,,,,,,,,,,,,,,,,,,,,,,,,,
219,219,2000,Joe,Treat Her Like A Lady,4:12,Rock,2000-08-05,2000-08-19,77,75.0,63.0,63.0,69.0,64.0,68.0,67.0,72.0,79.0,78.0,84.0,85.0,90.0,89.0,99.0,100.0,,,,,,,,,,,,,,,,,,,,,,,,,,,,,,,,,,,,,,,,,,,,,,,,,,,,,,,,,,,
220,220,2000,"Blige, Mary J.",Deep Inside,5:26,Rock,1999-11-13,2000-01-22,83,80.0,80.0,75.0,75.0,73.0,64.0,64.0,65.0,67.0,63.0,67.0,75.0,85.0,94.0,,,,,,,,,,,,,,,,,,,,,,,,,,,,,,,,,,,,,,,,,,,,,,,,,,,,,,,,,,,,,
221,221,2000,"Price, Kelly",You Should've Told Me,3:12,Rock,2000-09-23,2000-12-02,91,91.0,91.0,87.0,86.0,79.0,79.0,75.0,70.0,68.0,64.0,64.0,68.0,70.0,74.0,90.0,86.0,85.0,93.0,92.0,,,,,,,,,,,,,,,,,,,,,,,,,,,,,,,,,,,,,,,,,,,,,,,,,,,,,,,,
222,222,2000,Changing Faces,That Other Woman,4:00,Rock,2000-09-30,2000-10-28,80,72.0,66.0,66.0,64.0,76.0,65.0,66.0,75.0,85.0,97.0,,,,,,,,,,,,,,,,,,,,,,,,,,,,,,,,,,,,,,,,,,,,,,,,,,,,,,,,,,,,,,,,,
223,223,2000,"Wright, Chely",It Was,3:51,R&B,2000-03-04,2000-04-15,86,78.0,75.0,72.0,71.0,69.0,64.0,75.0,85.0,98.0,,,,,,,,,,,,,,,,,,,,,,,,,,,,,,,,,,,,,,,,,,,,,,,,,,,,,,,,,,,,,,,,,,
224,224,2000,Limp Bizkit,Rollin',4:04,Rock,2000-11-11,2000-12-09,77,73.0,72.0,66.0,65.0,65.0,67.0,73.0,74.0,78.0,80.0,86.0,86.0,91.0,93.0,96.0,100.0,,,,,,,,,,,,,,,,,,,,,,,,,,,,,,,,,,,,,,,,,,,,,,,,,,,,,,,,,,,
225,225,2000,Hot Boys,I Need A Hot Girl,4:16,Rap,2000-02-19,2000-03-11,77,75.0,71.0,65.0,65.0,70.0,69.0,77.0,79.0,90.0,92.0,95.0,100.0,,,,,,,,,,,,,,,,,,,,,,,,,,,,,,,,,,,,,,,,,,,,,,,,,,,,,,,,,,,,,,,
226,226,2000,Jay-Z,Do It Again (Put Ya Hands Up),3:47,Rap,2000-01-15,2000-01-29,95,68.0,65.0,65.0,74.0,84.0,92.0,96.0,95.0,,,,,,,,,,,,,,,,,,,,,,,,,,,,,,,,,,,,,,,,,,,,,,,,,,,,,,,,,,,,,,,,,,,
227,227,2000,"Adkins, Trace",More,3:05,Country,2000-04-29,2000-06-17,84,84.0,75.0,73.0,73.0,69.0,68.0,65.0,73.0,83.0,92.0,,,,,,,,,,,,,,,,,,,,,,,,,,,,,,,,,,,,,,,,,,,,,,,,,,,,,,,,,,,,,,,,,
228,228,2000,"Dixie Chicks, The",Cold Day In July,5:12,Country,2000-06-24,2000-08-05,80,79.0,76.0,72.0,68.0,68.0,65.0,70.0,84.0,91.0,,,,,,,,,,,,,,,,,,,,,,,,,,,,,,,,,,,,,,,,,,,,,,,,,,,,,,,,,,,,,,,,,,
229,229,2000,"Price, Kelly",As We Lay,6:20,Rock,2000-07-15,2000-08-05,82,69.0,69.0,64.0,71.0,79.0,82.0,89.0,,,,,,,,,,,,,,,,,,,,,,,,,,,,,,,,,,,,,,,,,,,,,,,,,,,,,,,,,,,,,,,,,,,,
230,230,2000,DMX,What's My Name,3:50,Rap,2000-01-15,2000-02-12,98,76.0,69.0,69.0,67.0,73.0,76.0,90.0,90.0,94.0,100.0,,,,,,,,,,,,,,,,,,,,,,,,,,,,,,,,,,,,,,,,,,,,,,,,,,,,,,,,,,,,,,,,,
231,231,2000,"Martin, Ricky",Private Emotion,4:02,Latin,2000-03-11,2000-03-18,76,67.0,71.0,78.0,89.0,,,,,,,,,,,,,,,,,,,,,,,,,,,,,,,,,,,,,,,,,,,,,,,,,,,,,,,,,,,,,,,,,,,,,,,
232,232,2000,Nine Days,If I Am,4:18,Rock,2000-12-02,2000-12-02,68,68.0,81.0,94.0,100.0,,,,,,,,,,,,,,,,,,,,,,,,,,,,,,,,,,,,,,,,,,,,,,,,,,,,,,,,,,,,,,,,,,,,,,,
233,233,2000,"Blige, Mary J.",Give Me You,5:00,Rock,2000-04-15,2000-05-13,97,94.0,77.0,76.0,68.0,77.0,89.0,90.0,,100.0,,,,,,,,,,,,,,,,,,,,,,,,,,,,,,,,,,,,,,,,,,,,,,,,,,,,,,,,,,,,,,,,,,
234,234,2000,Red Hot Chili Peppers,Californication,5:21,Rock,2000-07-29,2000-10-14,72,72.0,72.0,77.0,79.0,77.0,75.0,84.0,85.0,79.0,74.0,69.0,74.0,75.0,77.0,71.0,78.0,89.0,97.0,,,,,,,,,,,,,,,,,,,,,,,,,,,,,,,,,,,,,,,,,,,,,,,,,,,,,,,,,
235,235,2000,Third Eye Blind,Deep Inside Of You,4:10,Rock,2000-09-02,2000-10-07,80,73.0,70.0,70.0,70.0,69.0,72.0,79.0,90.0,97.0,95.0,93.0,,,,,,,,,,,,,,,,,,,,,,,,,,,,,,,,,,,,,,,,,,,,,,,,,,,,,,,,,,,,,,,,
236,236,2000,"Brooks, Garth",Do What You Gotta Do,2:56,Country,2000-02-19,2000-03-18,86,81.0,72.0,70.0,69.0,77.0,,,,,,,,,,,,,,,,,,,,,,,,,,,,,,,,,,,,,,,,,,,,,,,,,,,,,,,,,,,,,,,,,,,,,,
237,237,2000,"Offspring, The",Original Prankster,3:42,Rock,2000-11-25,2000-12-09,74,71.0,70.0,70.0,77.0,78.0,91.0,89.0,92.0,,,,,,,,,,,,,,,,,,,,,,,,,,,,,,,,,,,,,,,,,,,,,,,,,,,,,,,,,,,,,,,,,,,
238,238,2000,"Anthony, Marc",My Baby You,3:59,Latin,2000-09-16,2000-10-07,82,76.0,76.0,70.0,82.0,81.0,74.0,80.0,76.0,76.0,73.0,74.0,87.0,83.0,89.0,93.0,94.0,94.0,91.0,90.0,,,,,,,,,,,,,,,,,,,,,,,,,,,,,,,,,,,,,,,,,,,,,,,,,,,,,,,,
239,239,2000,"Houston, Whitney","Same Script, Different Cast",4:45,Rock,2000-06-17,2000-07-15,71,71.0,71.0,71.0,70.0,75.0,77.0,88.0,91.0,,,,,,,,,,,,,,,,,,,,,,,,,,,,,,,,,,,,,,,,,,,,,,,,,,,,,,,,,,,,,,,,,,,
240,240,2000,D'Angelo,Left & Right,4:35,R&B,1999-12-11,2000-01-01,93,77.0,75.0,70.0,91.0,,,,,,,,,,,,,,,,,,,,,,,,,,,,,,,,,,,,,,,,,,,,,,,,,,,,,,,,,,,,,,,,,,,,,,,
241,241,2000,"Kravitz, Lenny",I Belong To You,4:17,Rock,2000-03-25,2000-04-08,78,77.0,71.0,71.0,71.0,83.0,90.0,90.0,93.0,,,,,,,,,,,,,,,,,,,,,,,,,,,,,,,,,,,,,,,,,,,,,,,,,,,,,,,,,,,,,,,,,,,
242,242,2000,"Loveless, Patty",That's The Kind Of Mood I'm In,3:27,Country,2000-09-16,2000-11-18,98,93.0,93.0,93.0,88.0,88.0,82.0,81.0,73.0,71.0,71.0,72.0,85.0,91.0,,,,,,,,,,,,,,,,,,,,,,,,,,,,,,,,,,,,,,,,,,,,,,,,,,,,,,,,,,,,,,
243,243,2000,Q-Tip,Breathe And Stop,4:06,Rock,2000-01-22,2000-01-22,71,71.0,81.0,82.0,96.0,,,,,,,,,,,,,,,,,,,,,,,,,,,,,,,,,,,,,,,,,,,,,,,,,,,,,,,,,,,,,,,,,,,,,,,
244,244,2000,"Rimes, LeAnn",Can't Fight The Moonlight,3:33,Country,2000-09-09,2000-09-16,82,71.0,79.0,83.0,96.0,99.0,78.0,78.0,83.0,79.0,77.0,76.0,79.0,81.0,88.0,85.0,86.0,79.0,87.0,93.0,,,,,,,,,,,,,,,,,,,,,,,,,,,,,,,,,,,,,,,,,,,,,,,,,,,,,,,,
245,245,2000,Lil Wayne,Tha Block Is Hot,4:13,Rap,1999-12-04,2000-01-08,99,89.0,92.0,84.0,84.0,72.0,81.0,81.0,86.0,87.0,95.0,,,,,,,,,,,,,,,,,,,,,,,,,,,,,,,,,,,,,,,,,,,,,,,,,,,,,,,,,,,,,,,,,
246,246,2000,2 Pac,Baby Don't Cry (Keep Ya Head Up II),4:22,Rap,2000-02-26,2000-03-11,87,82.0,72.0,77.0,87.0,94.0,99.0,,,,,,,,,,,,,,,,,,,,,,,,,,,,,,,,,,,,,,,,,,,,,,,,,,,,,,,,,,,,,,,,,,,,,
247,247,2000,"Wallflowers, The",Sleepwalker,3:29,Rock,2000-10-28,2000-10-28,73,73.0,74.0,80.0,90.0,96.0,,,,,,,,,,,,,,,,,,,,,,,,,,,,,,,,,,,,,,,,,,,,,,,,,,,,,,,,,,,,,,,,,,,,,,
248,248,2000,Drama,"Left, Right, Left",3:37,Rap,2000-02-12,2000-03-18,100,98.0,89.0,80.0,75.0,73.0,80.0,86.0,91.0,96.0,100.0,98.0,96.0,,,,,,,,,,,,,,,,,,,,,,,,,,,,,,,,,,,,,,,,,,,,,,,,,,,,,,,,,,,,,,,
249,249,2000,Limp Bizkit,N 2 Gether Now,3:55,Rock,1999-12-04,2000-01-08,94,88.0,85.0,78.0,78.0,73.0,84.0,86.0,90.0,97.0,96.0,,,,,,,,,,,,,,,,,,,,,,,,,,,,,,,,,,,,,,,,,,,,,,,,,,,,,,,,,,,,,,,,,
250,250,2000,Lox,"Ryde or Die, Chick",3:56,Rap,2000-03-18,2000-03-25,86,73.0,80.0,84.0,91.0,97.0,97.0,,,,,,,,,,,,,,,,,,,,,,,,,,,,,,,,,,,,,,,,,,,,,,,,,,,,,,,,,,,,,,,,,,,,,
251,251,2000,Ying Yang Twins,Whistle While You Twurk,4:19,Rap,2000-03-18,2000-04-29,95,94.0,91.0,85.0,84.0,78.0,74.0,78.0,85.0,89.0,97.0,96.0,99.0,99.0,,,,,,,,,,,,,,,,,,,,,,,,,,,,,,,,,,,,,,,,,,,,,,,,,,,,,,,,,,,,,,
252,252,2000,"Walker, Clay","Live, Laugh, Love",4:06,Country,1999-12-04,2000-01-22,95,95.0,94.0,94.0,94.0,95.0,82.0,74.0,79.0,92.0,98.0,,,,,,,,,,,,,,,,,,,,,,,,,,,,,,,,,,,,,,,,,,,,,,,,,,,,,,,,,,,,,,,,,
253,253,2000,Metallica,No Leaf Clover (Live),5:43,Rock,2000-02-12,2000-03-11,86,81.0,78.0,76.0,74.0,80.0,86.0,93.0,95.0,95.0,,,,,,,,,,,,,,,,,,,,,,,,,,,,,,,,,,,,,,,,,,,,,,,,,,,,,,,,,,,,,,,,,,
254,254,2000,Yankee Grey,Another Nine Minutes,3:10,Country,2000-04-29,2000-05-20,86,83.0,77.0,74.0,83.0,79.0,88.0,95.0,,,,,,,,,,,,,,,,,,,,,,,,,,,,,,,,,,,,,,,,,,,,,,,,,,,,,,,,,,,,,,,,,,,,
255,255,2000,"Bega, Lou",Tricky Tricky ,3:23,Rock,2000-01-29,2000-02-05,75,74.0,87.0,,,,,,,,,,,,,,,,,,,,,,,,,,,,,,,,,,,,,,,,,,,,,,,,,,,,,,,,,,,,,,,,,,,,,,,,,
256,256,2000,Big Punisher,It's So Hard,3:25,Rap,2000-04-22,2000-05-06,96,87.0,75.0,79.0,81.0,81.0,76.0,76.0,78.0,84.0,90.0,88.0,94.0,98.0,100.0,,,,,,,,,,,,,,,,,,,,,,,,,,,,,,,,,,,,,,,,,,,,,,,,,,,,,,,,,,,,,
257,257,2000,"Worley, Darryl",When You Need My Love,3:35,Country,2000-06-17,2000-09-02,98,88.0,93.0,92.0,85.0,85.0,84.0,80.0,80.0,80.0,80.0,75.0,78.0,86.0,99.0,,,,,,,,,,,,,,,,,,,,,,,,,,,,,,,,,,,,,,,,,,,,,,,,,,,,,,,,,,,,,
258,258,2000,Lil' Kim,How Many Licks?,3:50,Rap,2000-11-25,2000-12-02,79,75.0,77.0,86.0,86.0,89.0,,,96.0,96.0,96.0,,,,,,,,,,,,,,,,,,,,,,,,,,,,,,,,,,,,,,,,,,,,,,,,,,,,,,,,,,,,,,,,,
259,259,2000,"Clark, Terri",A Little Gasoline,3:07,Country,2000-12-16,2000-12-16,75,82.0,88.0,96.0,99.0,99.0,,,,,,,,,,,,,,,,,,,,,,,,,,,,,,,,,,,,,,,,,,,,,,,,,,,,,,,,,,,,,,,,,,,,,,
260,260,2000,"Brock, Chad",A Country Boy Can Survive,3:54,Country,2000-01-01,2000-01-08,93,75.0,92.0,,,,,,,,,,,,,,,,,,,,,,,,,,,,,,,,,,,,,,,,,,,,,,,,,,,,,,,,,,,,,,,,,,,,,,,,,
261,261,2000,"Cagle, Chris",My Love Goes On And On,3:02,Country,2000-10-21,2000-12-02,99,94.0,94.0,87.0,84.0,83.0,76.0,76.0,79.0,83.0,91.0,,,,,,,,,,,,,,,,,,,,,,,,,,,,,,,,,,,,,,,,,,,,,,,,,,,,,,,,,,,,,,,,,
262,262,2000,"Byrd, Tracy",Put Your Hand In Mine,4:30,Country,2000-01-29,2000-02-12,81,77.0,76.0,76.0,86.0,88.0,92.0,99.0,,,,,,,,,,,,,,,,,,,,,,,,,,,,,,,,,,,,,,,,,,,,,,,,,,,,,,,,,,,,,,,,,,,,
263,263,2000,Metallica,I Disappear,4:26,Rock,2000-05-13,2000-06-17,86,84.0,88.0,81.0,81.0,76.0,81.0,81.0,78.0,84.0,83.0,82.0,87.0,88.0,91.0,94.0,98.0,95.0,89.0,95.0,,,,,,,,,,,,,,,,,,,,,,,,,,,,,,,,,,,,,,,,,,,,,,,,,,,,,,,,
264,264,2000,Jay-Z,Hey Papi,3:40,Rap,2000-08-12,2000-10-07,98,100.0,98.0,94.0,83.0,83.0,80.0,78.0,76.0,77.0,85.0,91.0,93.0,88.0,94.0,,,,,,,,,,,,,,,,,,,,,,,,,,,,,,,,,,,,,,,,,,,,,,,,,,,,,,,,,,,,,
265,265,2000,Fatboy Slim,The Rockafeller Skank,4:00,Electronica,1999-11-13,2000-01-22,94,94.0,94.0,87.0,77.0,77.0,83.0,82.0,82.0,92.0,76.0,95.0,,,,,,,,,,,,,,,,,,,,,,,,,,,,,,,,,,,,,,,,,,,,,,,,,,,,,,,,,,,,,,,,
266,266,2000,"Levert, Gerald",Mr. Too Damn Good,4:06,R&B,2000-03-18,2000-04-08,84,83.0,83.0,76.0,86.0,86.0,88.0,97.0,,,,,,,,,,,,,,,,,,,,,,,,,,,,,,,,,,,,,,,,,,,,,,,,,,,,,,,,,,,,,,,,,,,,
267,267,2000,"McKnight, Brian",Stay Or Let It Go,4:32,Rock,2000-02-26,2000-03-25,95,92.0,82.0,78.0,76.0,88.0,100.0,93.0,,,,,,,,,,,,,,,,,,,,,,,,,,,,,,,,,,,,,,,,,,,,,,,,,,,,,,,,,,,,,,,,,,,,
268,268,2000,"Allan, Gary",Smoke Rings In The Dark,4:18,Country,2000-01-22,2000-02-05,80,78.0,76.0,77.0,92.0,,,,,,,,,,,,,,,,,,,,,,,,,,,,,,,,,,,,,,,,,,,,,,,,,,,,,,,,,,,,,,,,,,,,,,,
269,269,2000,Ginuwine,The Best Man I Can Be,4:06,Rock,2000-01-08,2000-03-04,97,97.0,83.0,94.0,84.0,88.0,85.0,82.0,77.0,77.0,85.0,89.0,,,,,,,,,,,,,,,,,,,,,,,,,,,,,,,,,,,,,,,,,,,,,,,,,,,,,,,,,,,,,,,,
270,270,2000,Before Dark,Monica,4:04,Rock,2000-05-20,2000-06-17,95,87.0,80.0,80.0,77.0,87.0,91.0,91.0,100.0,,,,,,,,,,,,,,,,,,,,,,,,,,,,,,,,,,,,,,,,,,,,,,,,,,,,,,,,,,,,,,,,,,,
271,271,2000,"Estefan, Gloria",No Me Dejes De Querer,3:25,Rock,2000-06-10,2000-06-10,77,,,,,,,,,,,,,,,,,,,,,,,,,,,,,,,,,,,,,,,,,,,,,,,,,,,,,,,,,,,,,,,,,,,,,,,,,,,
272,272,2000,Stone Temple Pilots,Sour Girl,4:16,Rock,2000-07-08,2000-07-29,79,79.0,79.0,78.0,78.0,87.0,89.0,88.0,95.0,93.0,91.0,94.0,98.0,,,,,,,,,,,,,,,,,,,,,,,,,,,,,,,,,,,,,,,,,,,,,,,,,,,,,,,,,,,,,,,
273,273,2000,Montgomery Gentry,Daddy Won't Sell The Farm,4:18,Country,2000-03-04,2000-03-25,87,83.0,81.0,79.0,81.0,96.0,,,,,,,,,,,,,,,,,,,,,,,,,,,,,,,,,,,,,,,,,,,,,,,,,,,,,,,,,,,,,,,,,,,,,,
274,274,2000,"Cyrus, Billy Ray",You Won't Be Lonely Now,3:45,Country,2000-09-23,2000-11-11,97,97.0,97.0,92.0,91.0,88.0,85.0,80.0,82.0,80.0,80.0,89.0,95.0,,,,,,,,,,,,,,,,,,,,,,,,,,,,,,,,,,,,,,,,,,,,,,,,,,,,,,,,,,,,,,,
275,275,2000,Clark Family Experience,Meanwhile Back At The Ranch,2:56,Country,2000-11-18,2000-12-16,87,86.0,81.0,92.0,80.0,80.0,82.0,84.0,82.0,81.0,85.0,91.0,,,,,,,,,,,,,,,,,,,,,,,,,,,,,,,,,,,,,,,,,,,,,,,,,,,,,,,,,,,,,,,,
276,276,2000,"Thomas, Carl",Summer Rain,4:57,Rock,2000-09-23,2000-10-14,82,82.0,86.0,80.0,82.0,83.0,84.0,82.0,88.0,94.0,95.0,,,,,,,,,,,,,,,,,,,,,,,,,,,,,,,,,,,,,,,,,,,,,,,,,,,,,,,,,,,,,,,,,
277,277,2000,"Yearwood, Trisha",Real Live Woman,3:55,Country,2000-04-01,2000-04-29,85,83.0,83.0,82.0,81.0,91.0,,,,,,,,,,,,,,,,,,,,,,,,,,,,,,,,,,,,,,,,,,,,,,,,,,,,,,,,,,,,,,,,,,,,,,
278,278,2000,Trick Daddy,Shut Up,4:17,Rap,2000-05-20,2000-06-17,99,95.0,87.0,87.0,83.0,83.0,89.0,87.0,92.0,92.0,97.0,,,,,,,,,,,,,,,,,,,,,,,,,,,,,,,,,,,,,,,,,,,,,,,,,,,,,,,,,,,,,,,,,
279,279,2000,"Moore, Chante",Straight Up,3:40,Rock,2000-10-28,2000-12-02,98,98.0,97.0,90.0,85.0,83.0,83.0,97.0,98.0,,,,,,,,,,,,,,,,,,,,,,,,,,,,,,,,,,,,,,,,,,,,,,,,,,,,,,,,,,,,,,,,,,,
280,280,2000,Cam'ron,What Means The World To You,4:38,Rap,2000-10-14,2000-11-18,94,94.0,96.0,91.0,84.0,83.0,88.0,87.0,95.0,92.0,,,,,,,,,,,,,,,,,,,,,,,,,,,,,,,,,,,,,,,,,,,,,,,,,,,,,,,,,,,,,,,,,,
281,281,2000,Juvenile,U Understand,3:51,Rap,2000-02-05,2000-02-12,85,83.0,100.0,98.0,97.0,96.0,,,,,,,,,,,,,,,,,,,,,,,,,,,,,,,,,,,,,,,,,,,,,,,,,,,,,,,,,,,,,,,,,,,,,,
282,282,2000,"Hollister, Dave",Can't Stay,6:17,Rock,2000-03-25,2000-03-25,84,84.0,93.0,98.0,,,,,,,,,,,,,,,,,,,,,,,,,,,,,,,,,,,,,,,,,,,,,,,,,,,,,,,,,,,,,,,,,,,,,,,,
283,283,2000,Tamia,Can't Go For That,3:38,Rock,2000-09-16,2000-09-30,90,86.0,84.0,88.0,97.0,,,,,,,,,,,,,,,,,,,,,,,,,,,,,,,,,,,,,,,,,,,,,,,,,,,,,,,,,,,,,,,,,,,,,,,
284,284,2000,LFO,West Side Story,3:27,Rock,2000-08-05,2000-08-12,96,84.0,88.0,96.0,,,,,,,,,,,,,,,,,,,,,,,,,,,,,,,,,,,,,,,,,,,,,,,,,,,,,,,,,,,,,,,,,,,,,,,,
285,285,2000,"Paisley, Brad",Me Neither,3:19,Country,2000-05-13,2000-05-20,87,85.0,90.0,92.0,,,,,,,,,,,,,,,,,,,,,,,,,,,,,,,,,,,,,,,,,,,,,,,,,,,,,,,,,,,,,,,,,,,,,,,,
286,286,2000,"Carter, Torrey",Take That,3:43,Rock,2000-06-24,2000-07-08,94,88.0,86.0,91.0,89.0,87.0,99.0,,,,,,,,,,,,,,,,,,,,,,,,,,,,,,,,,,,,,,,,,,,,,,,,,,,,,,,,,,,,,,,,,,,,,
287,287,2000,2Ge+her,The Hardest Part Of Breaking Up (Is Getting Back Your Stuff),3:15,R&B,2000-09-02,2000-09-09,91,87.0,92.0,,,,,,,,,,,,,,,,,,,,,,,,,,,,,,,,,,,,,,,,,,,,,,,,,,,,,,,,,,,,,,,,,,,,,,,,,
288,288,2000,Madison Avenue,Don't Call Me Baby,3:44,Electronica,2000-07-08,2000-09-16,98,96.0,93.0,93.0,93.0,92.0,92.0,92.0,90.0,92.0,88.0,88.0,88.0,95.0,93.0,98.0,93.0,92.0,90.0,97.0,,,,,,,,,,,,,,,,,,,,,,,,,,,,,,,,,,,,,,,,,,,,,,,,,,,,,,,,
289,289,2000,Eve,Got It All,3:48,Rap,2000-07-15,2000-07-22,89,88.0,88.0,91.0,95.0,,,,,,,,,,,,,,,,,,,,,,,,,,,,,,,,,,,,,,,,,,,,,,,,,,,,,,,,,,,,,,,,,,,,,,,
290,290,2000,Limp Bizkit,Re-Arranged,4:08,Rock,1999-12-04,2000-02-05,91,91.0,90.0,95.0,95.0,99.0,96.0,96.0,92.0,88.0,89.0,93.0,91.0,91.0,89.0,90.0,93.0,100.0,,,,,,,,,,,,,,,,,,,,,,,,,,,,,,,,,,,,,,,,,,,,,,,,,,,,,,,,,,
291,291,2000,"Spencer, Tracie",Still In My Heart,4:11,Rock,2000-03-04,2000-03-11,95,88.0,98.0,,,,,,,,,,,,,,,,,,,,,,,,,,,,,,,,,,,,,,,,,,,,,,,,,,,,,,,,,,,,,,,,,,,,,,,,,
292,292,2000,Nu Flavor,3 Little Words,3:54,R&B,2000-06-03,2000-06-17,97,97.0,89.0,89.0,94.0,90.0,99.0,97.0,98.0,,,,,,,,,,,,,,,,,,,,,,,,,,,,,,,,,,,,,,,,,,,,,,,,,,,,,,,,,,,,,,,,,,,
293,293,2000,Tamar,If You Don't Wanna Love Me,4:02,Rock,2000-03-25,2000-04-15,98,98.0,92.0,89.0,92.0,93.0,,,,,,,,,,,,,,,,,,,,,,,,,,,,,,,,,,,,,,,,,,,,,,,,,,,,,,,,,,,,,,,,,,,,,,
294,294,2000,"Levert, Gerald",Baby U Are,4:10,R&B,2000-08-19,2000-08-26,96,89.0,92.0,96.0,96.0,,,,,,,,,,,,,,,,,,,,,,,,,,,,,,,,,,,,,,,,,,,,,,,,,,,,,,,,,,,,,,,,,,,,,,,
295,295,2000,"Hart, Beth",L.A. Song,3:47,Country,1999-11-27,2000-01-15,99,100.0,98.0,99.0,99.0,99.0,98.0,90.0,99.0,97.0,91.0,97.0,,,,,,,,,,,,,,,,,,,,,,,,,,,,,,,,,,,,,,,,,,,,,,,,,,,,,,,,,,,,,,,,
296,296,2000,"Diffie, Joe",The Quittin' Kind,3:23,Country,2000-01-01,2000-01-22,98,100.0,100.0,90.0,93.0,94.0,,,,,,,,,,,,,,,,,,,,,,,,,,,,,,,,,,,,,,,,,,,,,,,,,,,,,,,,,,,,,,,,,,,,,,
297,297,2000,Funkmaster Flex,Do You,4:14,Rap,2000-11-11,2000-12-02,92,92.0,95.0,91.0,91.0,94.0,100.0,,,,,,,,,,,,,,,,,,,,,,,,,,,,,,,,,,,,,,,,,,,,,,,,,,,,,,,,,,,,,,,,,,,,,
298,298,2000,"Price, Kelly",Love Sets You Free,3:46,Rock,2000-05-13,2000-05-20,92,91.0,98.0,100.0,,,,,,,,,,,,,,,,,,,,,,,,,,,,,,,,,,,,,,,,,,,,,,,,,,,,,,,,,,,,,,,,,,,,,,,,
299,299,2000,En Vogue,Riddle,5:10,Rock,2000-06-17,2000-06-17,92,92.0,97.0,100.0,,,,,,,,,,,,,,,,,,,,,,,,,,,,,,,,,,,,,,,,,,,,,,,,,,,,,,,,,,,,,,,,,,,,,,,,
300,300,2000,"Herndon, Ty",No Mercy,4:43,Country,2000-03-18,2000-05-06,100,99.0,99.0,,,98.0,94.0,92.0,95.0,96.0,,,,,,,,,,,,,,,,,,,,,,,,,,,,,,,,,,,,,,,,,,,,,,,,,,,,,,,,,,,,,,,,,,
301,301,2000,Anastacia,I'm Outta Love,4:01,Pop,2000-04-01,2000-04-01,92,,,95.0,,,,,,,,97.0,,,,,,,,,,,,,,,,,,,,,,,,,,,,,,,,,,,,,,,,,,,,,,,,,,,,,,,,,,,,,,,,
302,302,2000,Trina,Pull Over,2:58,Rap,2000-09-09,2000-09-16,97,93.0,96.0,100.0,,,,,,,,,,,,,,,,,,,,,,,,,,,,,,,,,,,,,,,,,,,,,,,,,,,,,,,,,,,,,,,,,,,,,,,,
303,303,2000,Lil' Mo,Ta Da,4:17,Rap,2000-08-12,2000-09-16,100,99.0,97.0,97.0,100.0,95.0,99.0,,,,,,,,,,,,,,,,,,,,,,,,,,,,,,,,,,,,,,,,,,,,,,,,,,,,,,,,,,,,,,,,,,,,,
304,304,2000,A*Teens,Dancing Queen,3:44,Pop,2000-07-08,2000-07-29,97,97.0,96.0,95.0,100.0,,,,,,,,,,,,,,,,,,,,,,,,,,,,,,,,,,,,,,,,,,,,,,,,,,,,,,,,,,,,,,,,,,,,,,,
305,305,2000,"Sheist, Shade",Where I Wanna Be,4:16,Rap,2000-11-11,2000-11-18,96,95.0,99.0,99.0,100.0,,,,,,,,,,,,,,,,,,,,,,,,,,,,,,,,,,,,,,,,,,,,,,,,,,,,,,,,,,,,,,,,,,,,,,,
306,306,2000,De La Soul,All Good?,5:02,Rap,2000-12-23,2000-12-23,96,96.0,100.0,,,,,,,,,,,,,,,,,,,,,,,,,,,,,,,,,,,,,,,,,,,,,,,,,,,,,,,,,,,,,,,,,,,,,,,,,
307,307,2000,"Larrieux, Amel",Get Up,4:02,R&B,2000-03-04,2000-03-11,100,97.0,97.0,,,,,,,,,,,,,,,,,,,,,,,,,,,,,,,,,,,,,,,,,,,,,,,,,,,,,,,,,,,,,,,,,,,,,,,,,
308,308,2000,"Braxton, Toni",Spanish Guitar,4:24,Rock,2000-12-02,2000-12-02,98,98.0,98.0,,,,,,,,,,,,,,,,,,,,,,,,,,,,,,,,,,,,,,,,,,,,,,,,,,,,,,,,,,,,,,,,,,,,,,,,,
309,309,2000,Tuesday,I Know,4:06,Rock,2000-12-30,2000-12-30,98,98.0,,,,,,,,,,,,,,,,,,,,,,,,,,,,,,,,,,,,,,,,,,,,,,,,,,,,,,,,,,,,,,,,,,,,,,,,,,
310,310,2000,LL Cool J,Imagine That,4:00,Rap,2000-08-12,2000-08-19,99,98.0,,,,,,,,,,,,,,,,,,,,,,,,,,,,,,,,,,,,,,,,,,,,,,,,,,,,,,,,,,,,,,,,,,,,,,,,,,
311,311,2000,Master P,Souljas,3:33,Rap,2000-11-18,2000-11-18,98,,,,,,,,,,,,,,,,,,,,,,,,,,,,,,,,,,,,,,,,,,,,,,,,,,,,,,,,,,,,,,,,,,,,,,,,,,,
312,312,2000,Ghostface Killah,Cherchez LaGhost,3:04,R&B,2000-08-05,2000-08-05,98,,,,,,,,,,,,,,,,,,,,,,,,,,,,,,,,,,,,,,,,,,,,,,,,,,,,,,,,,,,,,,,,,,,,,,,,,,,
313,313,2000,"Smith, Will",Freakin' It,3:58,Rap,2000-02-12,2000-02-12,99,99.0,99.0,99.0,,,,,,,,,,,,,,,,,,,,,,,,,,,,,,,,,,,,,,,,,,,,,,,,,,,,,,,,,,,,,,,,,,,,,,,,
314,314,2000,Zombie Nation,Kernkraft 400,3:30,Rock,2000-09-02,2000-09-02,99,99.0,,,,,,,,,,,,,,,,,,,,,,,,,,,,,,,,,,,,,,,,,,,,,,,,,,,,,,,,,,,,,,,,,,,,,,,,,,
315,315,2000,"Eastsidaz, The",Got Beef,3:58,Rap,2000-07-01,2000-07-01,99,99.0,,,,,,,,,,,,,,,,,,,,,,,,,,,,,,,,,,,,,,,,,,,,,,,,,,,,,,,,,,,,,,,,,,,,,,,,,,
316,316,2000,Fragma,Toca's Miracle,3:22,R&B,2000-10-28,2000-10-28,99,,,,,,,,,,,,,,,,,,,,,,,,,,,,,,,,,,,,,,,,,,,,,,,,,,,,,,,,,,,,,,,,,,,,,,,,,,,
